date,heure,duree,salle,titre,intervenant,descriptif ,categories,visuel_atelier,visuel_intervenant,presentation_intervenant ,La.les causes d√©fendues #CestQuoiTaCause ?,Statut,Intention,Le public vis√© #Personaes,La valeur apport√©e #Proposition de valeur,"Besoin en termes d'espace (Taille salle, nombre participants envisag√©s, salle envisag√©e)","Besoins logistiques (nb chaises, tables, paper-board, coussins, tapis rouge...)","Autre
Commentaire
Besoin d'aide...",Autres informations sur les dates et heures possibles,
Obligatoire,Obligatoire,Obligatoire,Obligatoire,Obligatoire,Obligatoire,Obligatoire,Optionel,Optionel,Optionel,Optionel,Non import√©,Non import√©,Non import√©,Non import√©,Non import√©,Non import√©,Non import√©,Non import√©,Non import√©,
,,,,"Voyage sonore, en gratitude aux personnes de l'√©quipe coeur organisatrice",Raphael ,,,,,,,Propos√©,,,,,,,Heure et date √† confirmer avec les personnes de l'√©quipe coeur,
20/01/2025,,,,Ap√©ro rencontre pr√©-festival,Prisca,Ap√©ro rencontre pr√©-festival,,,,,,Valid√©,Permettre aux gens de se sentir + √† l'aise quand ils sont au festival,,,,,,En fin de journ√©e,
21/01/2025,,,,C√©r√©monie d'ouverture du festival,"Raphael = source actuelle, mais souhait de compl√®tement transf√©rer la source √† quelqu'un qui souhaiterait faire √©merger cette c√©r√©monie","- La possibilit√© pour les partcipant.e.s de poser leurs ""intentions"" (int√©rieurement ?) en amont du festival pour l'inaugurer officiellement ? (inspiration du festival Nowhere en Espagne).
- Un m√©ga share & care ?
- etc.",,,,,,Valid√©,,,,,,,Vers midi / en amont / pendant le d√©jeuner,
21/01/2025,5:30:00 PM,4:30:00,Le 47 - Grand salon et salles adjacentes,D√©b'Acteur - Komune,Thomas Pittau (D√©bacteurs),"En partenariat avec le m√©dia Komune, nous souhaitons proposer un atelier accessible pour aborder le sujet de l'immigration et sa place dans nos vies üí•üòé

Que vous soyez timide, cynique, enthousiaste, tchatcheur, ce format vous embarque dans un parti dont la r√©partition est al√©atoire. Il s'agit avant tout d'un jeu qui va questionner notre rapport √† la d√©mocratie et ses outils actuels. ü•≥ü•≥

En alternant diff√©rentes modalit√©s d'√©changes, vous ne verrez pas le temps passer, c'est promis !

Aucun pr√© requis n'est n√©cessaire √† part peut-√™tre votre bonne humeur !



Inscription obligatoire üöÄ",,RAS,https://www.instagram.com/komune.media/,Komune est un m√©dia qui sensibilise aux enjeux li√©s √† l'immigration,D√©mocratie,Valid√©,"Tester une modalit√©, un peu diff√©rente avec la participation √©ventuelle √† un podcast ",Tout public √† partir de 16 ans,une plong√©e dans la d√©mocratie sur un enjeu de fond qui devient de plus en plus critique,Tout le 47 - ,"30 chaises, 4 papers boards si possible","L'√©v√©nement avait √©t√© confirm√© car il n'√©tait pas sens√© √™tre organis√© dans le cadre du festival √† la base. Mais cela fit compl√®tement, donc c'est super !",17h - 22h,https://www.eventbrite.fr/e/billets-debacteur-quelle-politique-dimmigration-pour-demain-1072936224129?aff=oddtdtcreator
24/01/2025,,,,C√©r√©monie de l'argent pour r√©-√©quilibrer les flux financiers et non financiers,,Voir message mis sur les billets dans #festival-orga-g√©n√©rale,,,,,,Propos√©,,,,,,,"1 ou 2 fois par grosse journ√©e du festival, le vendredi et samedi ? Exemple 1 fois le midi, et une fois en fin de journ√©e, avant le d√©but de la soir√©e",
24/01/2025,5:30:00 PM,0:02:00,Le 47 - Bla bla room,Exploration intuitive ,Corinne Risse,"Notre mental prend une place extr√™me dans nos vies, il parle si fort que nous n‚Äôentendons plus les messages subtils de notre corps et de notre intuition.
L‚Äôintention de l‚Äôatelier : se reconnecter √† son intuition pour prendre une d√©cision, faire un choix ou recevoir un √©clairage g√©n√©ral pour mieux s'orienter dans sa vie.

L'atelier est structur√© en deux temps : 
- un partage de bonnes pratiques pour √©couter son intuition dans son quotidien et la distinguer du mental
- une exploration intuitive √† travers un voyage m√©ditatif et l'utilisation de supports permettant de faire √©merger une vision analogique, symbolique.
",,,,"Corinne Risse est accompagnante et cr√©atrice - facilitatrice d'ateliers, sp√©cialis√©e sur les strat√©gies mentales et sur l'intuition.

Damien Syren est Head of Customer Service de Medoucine, fondateur de @plus.de.serenite et coach Burn-out.","L'√©cologie int√©rieure, la singularit√© de chacun, l'humanisme",Propos√©,"Notre mental prend une place extr√™me dans nos vies, il parle si fort que nous n‚Äôentendons plus les messages subtils de notre corps et de notre intuition.
L‚Äôintention de l‚Äôatelier : se reconnecter √† son intuition pour prendre une d√©cision, faire un choix ou recevoir un √©clairage g√©n√©ral pour mieux s'orienter dans sa vie.
",Toute personne ayant envie de s'extirper du mental tout puissant et de se reconnecter √†  son intuition,"Ouverture √† une fa√ßon de vivre plus naturelle, intuitive, plut√¥t que mentale","6 √† 8 personnes envisag√©es
Bla bla room ou √©quivalent, ambiance canap√©s/ coussins plut√¥t que chaises et tables
","De quoi s'asseoir pour 8 personnes (canap√©s, coussins)",,"Tous les jours possibles, entre 10h et 22h. Pr√©f√©rence pour un cr√©neau en fin de journ√©e, √† partir de 18h
Possibilit√© de faire 2 cr√©neaux sur 2 journ√©es diff√©rentes",
25/01/2025,9:30:00 AM,3:00:00,Bluechoice,"Jeu ""En-qu√™te de soi""",Corinne Risse et Damien Syren,"Venez enqu√™ter sur votre personnalit√© et r√©v√©ler les peurs cach√©es √† l'int√©rieur!

Oserez-vous r√©pondre aux questions des personnages mythologiques rencontr√©s tout au long de l'Odyss√©e que nous vous proposons?

L'Enn√©agramme sera la boussole de notre voyage, nous guidant sur le chemin allant de nos comportements visibles √† nos peurs invisibles ...

L'aventure vous attend! 
",,,,"Corinne Risse est accompagnante et cr√©atrice - facilitatrice d'ateliers, sp√©cialis√©e sur les strat√©gies mentales et sur l'intuition.","L'√©cologie int√©rieure, la singularit√© de chacun, l'humanisme",Valid√©,"Nos peurs cr√©ent une strat√©gie mentale qui entra√Æne une d√©connexion de soi, des autres, du monde. La voir, c‚Äôest rendre le l√¢cher-prise possible.
L‚Äôatelier est con√ßu avec l'intention de permettre aux participants de poser de la conscience sur le lien existant entre personnalit√© et peurs / fausses croyances, en utilisant le mod√®le de l'Enn√©agramme.","Toute personne ayant envie de se lib√©rer de ses peurs et fausses croyances, de vivre avec plus d‚Äôauthenticit√© et de libert√©",Poser de la conscience sur nos strat√©gies mentales fond√©es sur des peurs. Voir en quoi elles nous coupent des autres et de nous-m√™mes ,"4 √† 8 personnes
Petit salon, salle O'calm ou √©quivalent","Deux tables, 10 chaises (le jeu se joue en tables de 3-4 + 1 animateur) ",,"Vendredi ou samedi, entre 9h30 et 22h.
Possibilit√© de faire 2 cr√©neaux sur 2 journ√©es diff√©rentes",
24/01/2025,9:30:00 AM,2:30:00,"Le 47 - Grand salon, petit salon",Voyage en 2030 Glorieuses,Olivier M√©nicot / Christophe Limon,"Venez participer √† un voyage en ""2030 Glorieuses"" : partons ensemble en utopie gr√¢ce √† notre machine √† voyager dans le temps et allons voir ce que le 47 sera devenu dans un monde durable, juste, solidaire, √©quitable, joyeux en harmonie avec le vivant. 

Olivier M√©nicot et Christophe Limon vous proposent  de d√©passer le pessimisme ambiant et de se transporter, le temps de quelques heures, dans un espace o√π tout est possible.

",,https://assets.softr-files.com/applications/b65c2a92-7c38-4fca-a22a-140f86281f02/assets/26579db0-1605-47ba-90e3-426e84246506.png,https://www.systemik-impact.com/wp-content/uploads/2024/06/43_BORN_IN_PPM_OLIVIER_MENICOT_Small%C2%A9_MaryLou_Mauricio.jpeg,Olivier M√©nicot est un entrepreneur syst√©mique dont la cause est la transformation √©cologique des organisations ,Transformation Ecologique ,Valid√©,"Proposer de d√©passer le pessimisme ambiant et de se  remettre, le temps de quelques heures, dans un espace o√π tout est possible.",Tout public,Imaginer le 47 dans un monde utopique,"5 √† 10 personnes (1 √† 2 tables de 4-5 personnes)
Une seule grande salle n√©cessaire , Grand salon ou equivalent",1 √† 2 tables pour poser les jeux avec 4-5 personnes par tables ,https://www.2030glorieuses.org/voyage,"Vendredi ou samedi entre 9h30 et 22h. 
Possibilit√© de faire un 2√®me voyage avec Hortense Noiret sur 2 journ√©es diff√©rentes",
25/01/2025,18:00:00,,,C√©r√©monie de cloture,"Raphael = source actuelle, mais souhait de compl√®tement transf√©rer la source √† quelqu'un qui souhaiterait faire √©merger cette c√©r√©monie",,,,,,,Valid√©,,,,,,,D√©marrage √† 18h : fin √† 23h59,
24/01/2025,14:30:00,1:30:00,Salon 4e √©tage,"Atelier ""Si j'√©coute mon corps je trouve ma force""",Anne L√©ger,"Se connecter √† son corps pour se ressourcer et activer sa force int√©rieure en utilisant le mouvement, la danse, la voix, la respiration et la visualisation.",,,,,,Propos√©,,,,Grand salon ou √©quivalent,besoin d'un espace avec le moins de meubles possible,,Heure souhait√©e : 14h30 - 16h,
24 ou 25/01/2025,,,,Slam √©lectro engag√©,Anne L√©ger et Gwen,On improvise en live avec Gwen : lui sur la musique electro jazz et moi au avec des textes dr√¥les et engag√©s,,,,,,Propos√©,,,,,,,"vendredi ou samedi soir, 45min ou 2 fois 30min avec entracte",
,,,,Enregistrement podcast avec Emmanuelle Hoss,Duc,"dans le cadre de mon exploration ""Le marche de la Tortue"" je voudrais enregistrer un podcast pendant le festival. J'interview Emmanuelle Hoss sur ses pratiques manag√©riales",,,,,un futur du travail bienveillant et humaniste. ,Propos√©,d√©couvrir les signaux faibles qui annoncent les formes que pourraient prendre les modes de production de demain.,,,session film√©e en live avec une 15aine de places pour l'assistance.,,,?,
,,,,Concert,B√©chir Jiwee,,,,,,,Propos√©,,,,,,,Concert,
24/01/25,17:30:00,1:30:00,Salon 6e √©tage,Atelier Synergisons,Sandra Romero,,,,,,,Propos√©,,,,,,,Heure souhait√©e : 17h30 - 19h,
24/01/25,,1:30:00,,,Prisca,"Proposition d'atelier si possible vendredi 24 apr√®s-midi. Dur√©e 1h30. 3 possibilit√©s. N'h√©site pas √† me dire ce qui colle le mieux avec le festival 
@Raphael Szmir (en reconversion pro')
.
- Agir juste : une rencontre entre Soi et le monde
- Un entreprenariat qui nous ressemble pour un monde qui nous ressemble
- Devenir l'artisan d'un monde qui nous ressemble, √† notre √©chelle",,,,,,Propos√©,,,,,,,,
24 ou 25/01/2025,17:30:00,1:30:00,Bluechoice,Experience: Chant Pour tous,St√©phane Gabbay et autre improvisateurs TBC,"Exp√©rimenter un moment de chant, vocal et corporel, enti√®rement improvis√©, gratuit et ouvert a toutes et tous, chanteur.ses ou pas.  Nous vous proposerons des jeux rythmiques et vocaux, des circle songs, des co-improvisations que nous animerons auxquels vous pourrez participer avec le niveau d‚Äôimplication qui vous parait juste..
Faire d√©couvrir cette pratique et ce r√©seau chantpourtous.com",,,,,"L‚Äôart qui relie, l‚Äô√©coute, le care, la collaboration, l‚Äôamour",Propos√©,,Tous les curieux,"De la joie, de l'amour et de la connexion","Plutot une grande salle isol√©e (Appart de Cedric?)
De 10 √† 25","Espace pour etre de 10 a 25 en cercle",,"1h30 √† 2h
Cr√©neaux envisag√©s (lister les jours et heures possibles):        
19h-20h30 le 24 janvier (pour demarrer la soiree)
Entre 15h-18h le samedi 25",
24/01/25,,1:30:00,,Experience: Inspirer la sensibilit√© et l‚Äôaction √©cologique par le chant et le travail qui relie.,St√©phane Gabbay et Sandrine Laplace,,,,,,"L‚Äôart qui relie, l‚Äô√©coute, le care, l‚Äôenvironnement",Propos√©,"Identifier en soi ce qui permet de faire appel √† une sensibilit√© et un engagement ecologique et commencer ou continuer d‚Äôagir.",Tous les curieux,De la joie et peut-√™tre des petites graines de conscience,"Plutot une grande salle isol√©e (Appart de Cedric?)
De 7 √† 20 participants
","Espace pour etre de 7 a 20 en cercle
Des coussins",,Cr√©neau horaire souhait√© : 14h30 √† 16h,
24/01/25,,0:45:00,,Experience: L‚ÄôHypnose & Chant fluidifient-ils la collaboration?,St√©phane Gabbay et Lena Jaros,,,,,,"L‚Äôart qui relie, l‚Äô√©coute, le care",Propos√©,"Faire ressentir en un temps court √† travers la co-improvisation, l‚Äôhypnose et la pleine conscience ce qui peut aider √† fluidifier la collaboration.",Tous les curieux,De la joie et peut-√™tre des petites graines de conscience,"Plutot une grande salle isol√©e (Appart de Cedric?)
De 5 √† 30 participants","Espace pour etre de 5 a 30 en cercle
Des coussins",,"Cr√©neau horaire souhait√© : 17h
45 minutes (30 min de pratique & 15 min d‚Äô√©changes)  ",
,,,,Atelier Pratiques narratives,Isabelle Forestier,"Je partage l‚Äôintention d‚Äôorganiser un atelier de mise en valeur de nos singularit√©s, p√©pite au travers des techniques narratives.",,,,,,Propos√©,,,,,,,,
24/01/25,,,,T√©moignage de la classe √† innovation p√©dagogique de seconde d'une √©cole du 78 ,Isabelle Werlen-Eschalier ,"Chers tous, Philippe Bertrand et moi organisons un event √† priori le vendredi 24 janvier au matin en visio dans le cadre du festival de l'apprendre avec le LPI. Th√©matique: T√©moignage de la classe √† innovation p√©dagogique de seconde d'une √©cole du 78 en pr√©sence des enseignants et des √©l√®ves, en direct de leur voyage en classe invers√©e √† la montagne. ",,,,,"√©ducation for a better world! Mise en valeur de micro initiatives innovantes qui petit √† petit font bouger les lignes, m√™me de l‚Äô√©ducation nationale :-)",Propos√©,,,,,,,"@Philippe Bertrand
 Coucou, notre √©v√©nement serait-il faisable en hybride avec nous et un petit public ¬´ au studio 47 ¬ª et les √©l√®ves et enseignants √† distance sur grand √©cran? Quelle est l‚Äôheure fix√©e avec l‚Äô√©cole au final? Et avez vous finalis√© la com? Si pas possible en hybride car trop compliqu√©: 
@Raphael Szmir (en reconversion pro')
 nous proposons alors plut√¥t d‚Äôint√©grer l‚Äô√©v√©nement √† la programmation du festival du 47 mais √† distance pour ceux qui ne pourront pas venir sur place participer √† des √©vents. ",
25/01/25,,0:02:15,,"Atelier Chaos Fertile : R√™ve, Cr√©ation, Action",Charles Fontaine,"Atelier pour booster, d√©velopper, cr√©er un projet en Intelligence Collective",,,,,"L‚Äôintelligence collective, la ludop√©dagogie",Propos√©,Proposer un atelier Chaos Fertile pour un projet commun au sein du 47 ou en co-d√©veloppement pour un projet port√© par un ou plusieurs participants.,"Entrepreneurs, acteurs engag√©s, porteurs de projet","Du concret pour avancer sur un projet, une m√©thodologie, du fun",Pour 4-6 personnes : petit salon ?,Autant de chaises + table centrale,,"Si possible matin, sinon ok aprem",
,,,,,Etienne Gauthier,,,,,,,,,,,,,,,
,,,,,Natalie Maroun,,,,,,,,,,,,,,,
,,,,,Taoufik,,,,,,,,,,,,,,,
,,,,,Myriam Alles,,,,,,,,,,,,,,,
,,,,,Aur√©lien Lambert,,,,,,,,,,,,,,,
25/01/2025,,2h,,Initiation √† la facilitation graphique,Isabelle Forestier,"s'initier et prendre confiance dans ses capacit√©s √† utiliser la facilitation graphique comme m√©thode de m√©morisation, d'apprentissage, de partage d'inforamtion et de travaiil en groupe",,,,,"L'intelligence collective, l'apprentissage, le prendre soin de soi ",valid√© le 24/01 14h-16h,,"toute personne, entrepreneur, √©tudiant, responsable RSE, acteur du changement","Une meilleure communication, une mise en valeur des id√©es",Pour 3 √† 10 personnes,"tables, chaises",,Je propose de d√©caler l'atelier de facilitation graphique du vendredi 24 apr√®s-midi au samedi 25 matin ( 9h30-11h30 pour permettre √† des jeunes et personnes salari√©es de venir,
24/01/2025 ou autre date,,,,"""R√©alisons nos r√™ves pour un monde meilleur"" fresque participative",Isabelle Forestier,"Je propose de pr√©senter le projet "" R√©alisons nos ^r√©ves pour un monde meilleur"" en apportant la maquette de la toile de 24m sur 50m et un rouleau de 10m de toile o√π les personnes pourront √©crire leurs r√™ves apr√®s une petite conf√©rence et un temps de centrage.",,,,,la protection du vivant sous toutes ses formes,propos√©,"Pousser chacun.une √† r√©aliser ses r√™ves pour un monde meilleur, proposer un temps artistique et d√©cal√© ",,,,,,Je peux le faire un soir de la semine aux horaires qui arrengent,
25/01/25,,2h,,"Conference Ecouter sa Nature, surmonter ses peurs : OSEZ !",Etienne GAUTHIER,"Dans cette conf√©rence, nous allons explorer les diff√©rentes fa√ßons dont nous pouvons prendre du recul face √† une situation et ainsi √©viter de prendre des d√©cisions h√¢tives.
Je vous donnerai des outils pratiques pour am√©liorer votre capacit√© √† observer les faits, √† suspendre votre jugement, ce qui √† pour cons√©quence de remettre en question vos croyances qui bien souvent limitent.",,,,"Je vous donne les recettes qui m‚Äôont aid√©es dans la cr√©ation de mon spectacle, DIODE ¬´  Origine ¬ª. Vous d√©couvrirez l‚Äôart d‚Äô√©couter sa nature pour cr√©er.

Elles permettent d‚Äôidentifier ce qui motive et ce qui freine dans la construction d‚Äôun projet.  Je vous livrerai des cl√©s qui me permettent d‚Äôinnover.

Dans un processus cr√©atif, il est courant de laisser ses √©motions prendre le dessus. Ce qui a pour cons√©quence de faire perdre le fil des motivations profondes, et peut d√©courager.",OSEZ √©couter son instinct,propos√©,,"toute personne, entrepreneur, √©tudiant, responsable RSE, acteur du changement","Apport d'outils pour facilite l'avancement de projet, pro, vie etc ... pour OSEZ ! et se sentir plus vivant et heureux",De 6 √† plus l'infini !,Chaises paperbaord,,"je sohaite le faire en apres midi, ou fin de matin√©e",