Conseils pour remplir la cellule,statut,titre,sous_titre,descriptif,categories,date,heure,duree,appartement,salle,places,intervenant,presentation_intervenant,causes,visuel_atelier,visuel_intervenant,linkedin_intervenant,insta_intervenant,offinity_intervenant,Mon intention pour cet atelier,Le public vis√© #Personaes,La valeur apport√©e #Proposition de valeur,"Besoin en termes d'espace (Taille salle, nombre participants envisag√©s, salle envisag√©e)",Besoins logistiques ,"Autre
Commentaire
Besoin d'aide... etc",Autres informations sur les dates et heures √©ventuelles
Conseils pour remplir la cellule,Statut du projet,Titre clair et inspirant,"Sous-titre, qui aide √† mieux comprendre",Explictions additionnelles de l'animation,Type d'animation,Date,Heure,Dur√©e,Appartement,Salle,Nombre de places,Int√©rvenant-e,Pr√©sentation_intervenant-e ,"Les causes d√©fendues 
#CestQuoiTesCauses ?",visuel_atelier,visuel_intervenant,linkedin_intervenant,insta_intervenant,offinity_intervenant,Mon intention pour cet atelier,Le public vis√© #Personaes,La valeur apport√©e #Proposition de valeur,"Besoin en termes d'espace (Taille salle, nombre participants envisag√©s, salle envisag√©e)",Besoins logistiques ,"Autre
Commentaire
Besoin d'aide... etc",Autres informations sur les dates et heures √©ventuelles
Obligatoire ou pas,/,Obligatoire,Recommand√©,Obligatoire,"Si vous souhaitez rajouter d'autre cat√©gories, vous pouvez le faire via l'onglet ""Data pr√©-remplies en bas √† droite.","0. Merci de respecter le format demand√© : 24/01/2025, pas 24/01 ou 24 janvier. Sinon les donn√©es ne peuvent √™tre reprises automatiquement sur le site web de Roman","Merci de respecter le format : 18:00:00 PM, pas 18h ou 18 heures. Sinon les donn√©es ne peuvent √™tre mises √† jour automatiquement","Ex : 1:30:00, pas 1h30 ou 1,5 heure",,,,Pr√©nom + Nom + Nom du projet (si d√©sir√©),"N'h√©sitez pas √† vous vendre. Soyez pr√©tentieux, vous √™tes merveilleux ! 
L'humilit√© c'est bien, mais se ""sous valoriser"", √ßa n'aide personne ! ;)
Vous pouvez indiquer vos expertises et singularit√©s","Merci d'indiquer tes causes, minimum 2 maximum 5. La cause = le r√™ve, la destination. Une valeur, c'est une mani√®re d'√™tre ou de faire pour arriver jusque l√†. Attention √† ne pas confondre les deux ;)","Attention √† ne pas mettre directement de fichier JPEG ou PNG, mais √† plut√¥t mettre des liens depuis d'autres sites. Vous pouvez chargez vos photos sur cet album partag√© par exemple, puis mettre le lien vers la photo en question : https://photos.google.com/share/AF1QipOSrky0OV7TE_G33muk6ikRsEaHDOZxpCJPg9BB54oHCzA_Ex5xJ031FwaJ5aAzog?key=RWItNHQ5bHFFV3JJNWt3TUFreUg4bUtYRHVtelhR ","Attention √† ne pas mettre directement de fichier JPEG ou PNG, mais √† plut√¥t mettre des liens depuis d'autres sites. Vous pouvez chargez vos photos sur cet album partag√© par exemple, puis mettre le lien vers la photo en question : https://photos.google.com/share/AF1QipOSrky0OV7TE_G33muk6ikRsEaHDOZxpCJPg9BB54oHCzA_Ex5xJ031FwaJ5aAzog?key=RWItNHQ5bHFFV3JJNWt3TUFreUg4bUtYRHVtelhR ",,,"Vous √™tes connect√©s sur Offinity? Si pas, cr√©ez-vous un compte ! :) https://influences.offinity.io/ ","Invitation : te mettre au service du publique cible ou de tes causes. As-tu des √©l√©ments de vision que tu souhaiterais partager (nb : cela ne sera pas affich√© sur le site web, c'est surtout pour t'aider √† mettre de la conscience dessus et √† nous assurer une certaine qualit√© d'ateliers qui servent les participants ou les causes en priorit√©, et pas les animateurs :) )",,,,"(nb chaises, tables, paper-board, coussins, tapis rouge...)",,Optionnel
Conseils pour remplir la cellule,A remplir par des personnes de l'√©quipe √©ditoriale,Merci d'indiquer un titre clair et inspirant. ,"Il est id√©al que le titre et le sous titre puissent donner les informations principales, sans que les gens n'aient √† lire la suite du texte. 
Une phrase percutante qui explique pourquoi cet atelier est sp√©cial. Id√©al si vous arrivez √† mettre en avant la valeur ajout√©e pour les participants.","1/2 paragraphes qui expliquent ce que vous proposez, les intentions, le public cible et les b√©n√©fices pour les participants. Exemple : ""Dans cet atelier √† destination d'entrepreneurs sociaux, vous explorerez comment le silence peut stimuler votre imagination et d√©bloquer des id√©es nouvelles. Nous combinerons des moments de r√©flexion guid√©e avec des exercices pratiques pour que chacun reparte avec des outils concrets.""
Evitez de mettre l'accent sur le ""quoi"" et le ""comment"". Adressez-vous au ""qui"", expliquez lui ""pourquoi"" et ce que la personne √† √† gagner de venir ! :)",Obligatoire,0. Obligatoire,Obligatoire,Obligatoire,Obligatoire,Obligatoire,Obligatoire,Obligatoire,Recommand√©,Recommand√©,Recommand√©,Recommand√©,Recommand√©,Optionel,Recommand√©,Ca ne sera pas affich√©,Recommand√©,Recommand√©,Obligatoire,Obligatoire,Optionnel,
,3. Programm√©,Voyage sonore pour remercier l'√©quipe organisatrice du festival,Un voyage sonore de remerciement pour les personnes de l'√©quipe coeur du festival :),"1h de voyage sonore √† la d√©couverte du handpan, en mode exp√©rimental, pour c√©l√©brer l'organisation du festival et remercier les organisateurs.","Atelier, Sp√©cial tribu 47",17/01/2025,17:30,0:01:00,Le 47,Grand salon (47),10,Raphael Szmir,"Entrepreneur social depuis plus de 10 ans, Raphael Szmir est parfois amen√© √† se d√©crire, en parlant de lui √† la 3√®me personne.

Actuellement en reconversion professionnelle, il souhaite oeuvrer davantage au carrefour entre le changement int√©rieur et le changement de syst√®me. 

Il oeuvre continuellement √† la gu√©rison de ses propres traumatismes, qu'ils soient individuels, interg√©n√©rationnels ou collectifs. 

Depuis peu, il consid√®re entreprendre pour faire de la th√©rapie d'int√©r√™t g√©n√©ral et explore les vertus du handpan. 

Il r√™ve de d√©velopper une pratique th√©rapeutique qui m√©langerait musique (live looping), chant et danse.","La connexion, l'amour, la paix pour les g√©n√©rations futures, la durabilit√©, la r√©silience, la justice sociale, la perm√©abilit√© identitaire, les communaut√©s comme espaces de gu√©rison.",https://lh3.googleusercontent.com/pw/AP1GczOiJJcwUWM3oAPTcAa_7JNdiFkNl9hO_eR-YxieD7m3PPthI9cpUxJB_C6hSW8maNVNuu_BtMG4tYMjD9N2U7isCZSpllHN4-hVD_te8cv7N09mtbbEeQ_5WroyNyVXFPu9jIAzCwWZbVAPzy-89DQO=w488-h650-s-no-gm?authuser=0,https://lh3.googleusercontent.com/pw/AP1GczOCfLJyrLA2qFeagELkqW1p0lrruDnWeWitEnEYbZ7exZtlcnmNg6FJbISAYPslwhAKaogJIcGAkejs_PbvIn2Kpq4jsimkR52D_fcYNH2KI7X1KpyOwvkR-mSrE0tbR83yZV_v03dZjtTJNbb0fOmt=w488-h650-s-no-gm?authuser=0,https://www.linkedin.com/in/raphaelszmir/,https://www.instagram.com/raphael_szmir/,https://diaries.offinity.io/users/6048b66beadd10001244fff4,Exp√©rimenter. Etre au service. Me challenger. Nous connecter avant le grand saut dans le festival,Personne de l'√©quipe coeur et de l'√©quipe soutien du festival,"Connexion int√©rieur, connexion entre nous, d√©tente, √©changer des bonnes vibes, ","1 pi√®ce, pouvoir √™tre √† l'aise dans celle-ci, max 10 personnes √† priori","Possibilit√© pour les gens de pouvoir s'allonger, possibilit√© de mettre des enceintes assez grosses, lumi√®res LEDs √† disposition",A voir quel horaire arrangera les gens,Heure et date √† confirmer avec les personnes de l'√©quipe coeur
,3. Programm√©,Ap√©ro rencontre Pr√©-Festival,Une belle occasion de faire connaissance avant le festival ! ,"Un moment d'exploration, de rencontres et de partage de nos aventures et futures aventures, d‚Äôartisans d‚Äôun monde qui nous ressemble. Chacun apporte de quoi boire et grignoter pour un joli ap√©ro cocr√©√©.","Autre, Atelier",20/01/2025,18:00,0:03:00,Le 47,"Grand salon (47), Salle o'calme, Petite salle de travail",25,Prisca Elisabeth,"Prisca Elisabeth, artisane d'un monde qui nous ressemble. Gr√¢ce aux aventures propos√©es par le Pouvoir du Sens, je permets une action juste au quotidien, seul ou en √©quipe, gr√¢ce √† la coop√©ration profonde.","Diversit√©, √©quivalence  et coop√©ration pour un monde durable",,https://lh3.googleusercontent.com/pw/AP1GczNkmraP3ub-m80re_AxhBRSwfcCc2RckBls53NDGunbgZsB5NceJgLmy1xdzRq2XZ1SzLfFtlXpdjU4ko6qKP3XxsGpwi2M4MYA6GZhrn0U9iAJpgD2vn_XFyLSPLqOT1DYgLLNFhMlZ-_y8JL3y68=w565-h467-s-no-gm?authuser=0,https://www.linkedin.com/in/prisca-elisabeth-5036b3113/,,https://diaries.offinity.io/users/62b489190d730400642b9572,"Cr√©er des rencontres authentiques, entre artisans d'un monde qui nous ressemble",Artisans d'un monde qui nous ressemble = cr√©ateurs de sens engag√©s ou pr√™ts √† s'engager pour une soci√©t√© durable,,20 √† 25 participants. Grand salon et pi√®ces ajacentes,Une table pour le buffet et des si√®ges dispos√©s en duo partout dans la pi√®ce,, 
,3. Programm√©,C√©r√©monie d'ouverture du festival,,Se rassembler et se connecter ensemble pour lancer le festival en beaut√©,Autre,21/01/2025,12:00,0:03:00,Le 47,"Blablaroom, Petite salle de travail, Salle o'calme, Grand salon (47)",30,"Isabelle Forestier, Lucille Couturier, Prisca Elizabeth",,,,,,,,,,,,,,Vers midi / en amont / pendant le d√©jeuner
,3. Programm√©,Quelle politique d'immigration pour demain ?,Vivez une simulation de d√©bats √† l'assembl√©e nationale avec D√©b'Acteur et Komune,"En partenariat avec le m√©dia Komune, nous souhaitons proposer un atelier accessible pour aborder le sujet de l'immigration et sa place dans nos vies üí•üòé

Que vous soyez timide, cynique, enthousiaste, tchatcheur, ce format vous embarque dans un parti dont la r√©partition est al√©atoire. Il s'agit avant tout d'un jeu qui va questionner notre rapport √† la d√©mocratie et ses outils actuels. ü•≥ü•≥

En alternant diff√©rentes modalit√©s d'√©changes, vous ne verrez pas le temps passer, c'est promis !

Aucun pr√© requis n'est n√©cessaire √† part peut-√™tre votre bonne humeur !

Inscription obligatoire üöÄ",Atelier,21/01/2025,17:30,0:03:00,Le 47,"Blablaroom, BlaBlaRoom, Petite salle de travail, Salle o'calme, Grand salon (47)",25,Thomas Pittau,Komune est un m√©dia qui sensibilise aux enjeux li√©s √† l'immigration,D√©mocratie,https://lh3.googleusercontent.com/pw/AP1GczMiqGp0vMK_nwYSiSVmvCE8OTsfKahn9KAdp7yd50e4qhZV79TfEGHsb9ThKknVuejUqWtYwz_gDUbxEHwePGQ717rwzIb3CX46gSdzRbb5QYvAWYVMAF15hZTuS3wFewBoazKLx_gxZbbD_tHocqOg=w1016-h592-s-no-gm?authuser=0,https://www.rue89strasbourg.com/wp-content/uploads/2021/10/thomas-pittau.jpg,,,https://diaries.offinity.io/users/6426e784501a400059b5842c,"Tester une modalit√©, un peu diff√©rente avec la participation √©ventuelle √† un podcast ",Tout public √† partir de 16 ans,une plong√©e dans la d√©mocratie sur un enjeu de fond qui devient de plus en plus critique,Tout le 47 - ,"30 chaises, 4 papers boards si possible","L'√©v√©nement avait √©t√© confirm√© car il n'√©tait pas sens√© √™tre organis√© dans le cadre du festival √† la base. Mais cela fit compl√®tement, donc c'est super !",
,3. Programm√©,Racines d'engagement,Un atelier de partage d'inspiration et de motivation entre pairs pour nous reconnecter √† notre parcours d'engagement et nos intentions de contributions pour le 47,"Cet atelier est propos√© √† destination des membres de la communaut√© du 47 qui souhaitent faire le point sur leur parcours d'engagement et leur transition de vie. Il propose √©galement de regarder en quoi le 47 a transform√© notre parcours de vie, quels sont les dons et les contre dons que nous avons re√ßu dans notre engagement envers lui, et ce que nous souhaitons lui donner en retour pour cette nouvelle ann√©e ensemble.","Atelier, Sp√©cial tribu 47",22/01/2025,9:00,0:03:00,Le 47,Grand salon (47),12,"Lucille Couturier, Grenad'in","Prendre soin de celles et ceux qui s'engagent. Lucille est une entrepreneure engag√©e, une cr√©atrice d‚Äôexp√©riences r√©g√©n√©rative anim√©e l'envie de raviver la vitalit√© des individus et des collectifs","soin, empuissancement, r√©n√©g√©n√©ration, √©quilibre, vitalit√©",https://photos.app.goo.gl/LcfnQdBWkTnsnMyX6,https://lh3.googleusercontent.com/pw/AP1GczOu7TfDdxUJA2xUYF0JJfeoEpzVvb5t2tyiLMWouWR2si5gNss0o_pqF-3aiKA9ILtNAUnWlFqrDnqz6LaXHAEvrDnQhh6z81TEJQ7OwQa34tGx7m3fketG6mB8i4-q72vqqW_QPZRvRyYWccVrgNWd=w650-h650-s-no-gm?authuser=0,https://www.linkedin.com/in/lucille-couturier-grenadin/,grenadin.life,https://diaries.offinity.io/users/63b74695f62dea00581f147c,Intention de permettre au membre du 47 de refaire le point sur leur parcours d'engagement et de valoriser en quoi le 47 √† contribu√© pour nous dans notre parcours de transfo et en quoi on peut contribuer en retour pour lui,les membres du 47 des n√©ophytes aux personnes sources sp√©cifiques du lieu,1. faire le point sur son parcours d'engagement pour prendre du recul et de la hauteur / 2. Valoriser et c√©l√©brer les liens entre les membres de la communaut√© : c'est par les liens que l'engagement se construit et que dans le don et le contre don que nous pouvons redonner ce qui nous a √©t√© transmis,Id√©alement grand salon mais espace occup√© .... Donc une salle qui peut acceuillir 8 √† 12 participants ,"8 √† 12 chaises, feutres, papiers de brouillon, vid√©o projecteur, et enceinte pour diffuser de la musique",si je peux avoir un espace un peu plus grand avec un salon c'est vraiment cool. Le visuel arrive,
,3. Programm√©,"""Cause maintenant cause toujours""
La bande Originale de ta vie.
","""SID√âRAL"" : un atelier cr√©atif o√π musiques et causes se rencontrent.","Bienvenue √† ""SID√âRAL"", un atelier cr√©atif o√π musiques et causes se rencontrent. 

Ici, c'est ton histoire ou ton projet qui prennent vie, d'abord sous forme de dessin ;
Puis tu me le racontes, en partageant tes id√©es, tes √©motions ou tes r√™ves qui l‚Äôaniment.

Ensuite, je m'inspire de ton r√©cit et je cr√©e instantan√©ment la bande-son de ton histoire, que ce soit au piano, √† la trompette, aux percussions ou au synth√©, je compose en direct une musique unique pour t'accompagner dans ton univers. 

Chaque morceau est une improvisation, un cadeau musical spontan√©, un √©cho √† ton dessin et ta cause, la BO de ta vie ou de tes projets. 

Alors viens, je te jouerai ta m√©lodie, une cr√©ation en Live et sans filet !","Performance artistique, Atelier",22/01/2025,17:30,0:02:00,Le 47,BlaBlaRoom,6,Etienne Gauthier,"Compositeur de musique, cr√©ateur de spectacle, conferencier. Mes camarades compositeurs me d√©finissent comme un chercheur intuitif, un homme √©lectronique, un explorateur de sons. J‚Äôaime √ßa associer les sons aux histoires. Que ce soit un scenario, une chanson, une collab, un workshop. J‚Äô√©coute les mots et je trouve les symboles originels qui transparaissent.
Toute histoire est une cr√©ation, toute cr√©ation a une histoire",,https://lh3.googleusercontent.com/pw/AP1GczOEs4lFHowhW_g369e_GgqyKnqVWvh1QiP5b84OwWH4jbpmnSJScDyu33rlgtI29oZXwXC8kI8ai0SJoBh7tHxN_2g5VJUxvyw95lLkB2iryXkJplnM9u9c7SBp13ga2jOu5KC5HU1om5-VXWPzuFyF=w605-h339-s-no-gm?authuser=0,https://lh3.googleusercontent.com/pw/AP1GczPvkMUShjksTDi_hOIoXpdB3GYMei_j-BgOayA1MmEYu4QPwhalOIFctaOS0qSsy-wBw_NYzIcdD6tNnx7nVkcbr--9mCI49dQeurLc2prSd-TeekSMIHE56dlgIpS-UMsoYSmL-ZFAo9JQt3NP-6yc=w605-h544-s-no-gm?authuser=0,https://www.linkedin.com/in/etienne-gauthier-%F0%9F%8C%8E%F0%9F%8E%A7%F0%9F%A5%81-a052695a/,https://www.instagram.com/etiennegauthier_ad_composer/,https://diaries.offinity.io/users/66840a493a7d79004e3e1217,,,,,,,17h - 22h
,3. Programm√©,Apprendre √† √™tre mal √† l'aise avec l'entre-soi social et racial,"Cet atelier est destin√© √† toutes les personnes - per√ßues comme blanches ou non-blanches - qui souhaitent apprendre √† d√©velopper leur malaise, et donc, leur passage √† l'action, dans les situations d'entresoi social et racial. ","L'atelier s'articulera autour de l'exp√©rience de Taoufik Vallipuram dans les espaces marqu√©s par l'endogamie sociale et ethno-raciale, et de l'exp√©rience des participant-e-s, quelles que soient leurs origines sociales et ethno-raciales. Nous nous appuierons sur des mat√©riaux audio- vid√©o, et scientifiques, pour confronter les participant-e-s √† leur malaise et leur absence de malaise face aux situations d'endogamie.","Atelier, Conf√©rence (ou presque), Sp√©cial tribu 47",22/01/2025,13:30,0:02:00,Le 47,Grand salon (47),15,Taoufik Vallipuram,"D√©faire l'entre soi social dans les espaces d'influence politique, √©conomique et culturel. 
Telle est l‚Äôambition que s‚Äôest donn√© Taoufik qui d‚Äôun c√¥t√©, conseille des dirigeants sur le croisement des enjeux de soci√©t√© et business, et de l‚Äôautre, fait coop√©rer des personnes et des groupes qui maintiennent malgr√© eux et elles l'ordre social, des militant-e-s de quartiers populaires aux entrepreneur-e-s engag√©-e-s, en passant par les chercheur-e-s et les activistes √©colos. 
L‚Äôobjectif ? R√©parer, relier et construire notre soci√©t√© pour qu‚Äôelle soit r√©ellement juste.",,,https://drive.google.com/file/d/1EimM5wqvQij3I2fyRDVonFBujEgmR2k5/view?usp=sharing,https://www.linkedin.com/in/taoufikvallipuram/,,,,,,,,,
,3. Programm√©,Culture Crip & Tourettes Hero : √©change et documentaire sur des artistes qui jouent avec leur handicap.,Partage d'initiatives d'artistes qui donnent une place importante √† l'exploration autour de leur handicap et dans leur oeuvre ; Lutter contre le validisme ,"Echange interactif en compl√©ment des pr√©sentations vid√©os et textes. Questionner comme d'autres ateliers le font notre ""entre soi"" et l'accessibilit√© dans des sens divers de notre cher 47 ainsi que de nos projets respectifs et du festival. ","Autre, Atelier",21/01/2025,15:30,0:02:00,Le 47,"Grand salon (47), Petite salle de travail",17,Aur√©lien Lambert,"Explorateur. Un peu perch√© parfois :) En compl√©ment d'un engagement principal autour du Climat (notamment via l'animation des ateliers Inventons Nos Vies Bas Carbone), Aur√©lien a initi√© le projet d'un documentaire sur Tourettes Hero dont les interventions en conf√©rence ne ressemblent √† aucune autre. Cela l'a ouvert √† la lutte contre l'opression validiste subie par les personnes handicap√©es. En parral√®le un projet de spectacles d'exploration de ses propres bizarreries en cherchant des propositions originales et dr√¥les pour le public. ","Soin, Beaut√©, Antivalidisme, Singularit√© de chacun, Nouveaux r√©cits, Art qui relie",https://lh3.googleusercontent.com/pw/AP1GczMXUumWK2AQBXkKg8zN5dkFb_ndRv7Q6mh8L3-Duzn3E52FG77SoTxnH8k8iCUeWmGc17x3IRMtjntW243IMCNNtVG-09qK8xWe-TPSPm1Q9ntk9DIxRcz6utNNnyROUcY9rGszawESsKsxdI02gFnJDQ=w1300-h650-s-no-gm?authuser=0,https://lh3.googleusercontent.com/pw/AP1GczPEG9NGW1PqCSl5IEC3dp5NzZ4WlZgEfRwHy9Yc1hfqhQb6G4DQK2IAFY99OngY9QxvTMpeY2pQQBwdJYmaraH9HFkQEZrq07bjcwCJbD3Z7KP9oVE2sw90PRhRk0ESKwY0KMtiMa9IXcDGC32eWZ9B2g=w754-h650-s-no-gm?authuser=0,https://www.linkedin.com/in/a-lambert?utm_source=share&utm_campaign=share_via&utm_content=profile&utm_medium=android_app,@aurelio_direlio  @eco.loser,https://diaries.offinity.io/users/642eee24501a400059b58566,,,,,,,
,3. Programm√©,La gestion des tensions au sein des collectifs auto-g√©r√©s,,"Par peur d'empirer les choses en les exprimant, esp√©rant que tout s'arrange en autogestion, une tribu opale risque de cumuler les tensions mises sous le tapis. Affichant l‚Äôunit√© de fa√ßade, s'enlisant dans des tabous, des jeux d‚Äôinfluence et de clans, produisant un d√©clin lent (ou pas) de ses beaux id√©aux. 
Pourtant les solutions existent. En mettant en place des proc√©dures claires, simples et efficaces, la tribu se dote des moyens d'√©volution permettant de recevoir les informations sur ce qui dysfonctionne sur le plan organisationnel et individuel et lib√®re une √©nergie puissante pour que √ßa bouge. Lesquels ?","Atelier, Sp√©cial tribu 47, Conf√©rence (ou presque)",22/01/2025,16:30,0:02:00,Le 47,Grand salon (47),15,Aleksander Piecuch,"Mon parcours atypique (ing√©nieur, militant, prisonnier politique, moine, th√©rapeute, multi-entrepreneur, ...) m'a donn√© une vision unique du leadership et de la transformation. 
Aujourd'hui, apr√®s 45 ans d'exp√©rience en intelligence collective, et d'accompagnement de la transition et l'√©panouissement des organisations et des individus, j'accompagne les entreprises visionnaires avec la Gouvernance Organique, un mod√®le que j'ai con√ßu il y 10 ans.","Mes causes

La Transition Turquoise : individuation personnel et collective, mod√®le de l‚Äôorganisation organique, transparence, honn√™tet√© intelecuelle, consensus sans compromis, unanimit√© connect√©, fonctionnement en flow collectif, synth√®se science-spiritualit√©-busines-amour",https://consensus-sans-compromis.com/wp-content/uploads/2016/03/941015_880289538736409_9197367757974498666_n.jpg,https://lh3.googleusercontent.com/pw/AP1GczMfiXt0se2LUYQpOkvXDyqIrtyenCVEFB60PhQSo9Ynyb60JkRc6RHsSf0I73GWUakjrLPqaW_zqTVCNe9sSw6-jcLq6j-MGu78yBtojcfJ-DcueJ4JcFIFY4e7TjyjViP0Tr88vCcZl2VC8Us9Dz-A=w536-h603-s-no-gm?authuser=0,www.linkedin.com/in/aleksander-piecuch,,,Aider le 47 √† g√©rer des tensions. Avances mes causes,"Membres du 47 et des collectifs auto-g√©r√©s
entrepreuneurs interes√©s par le sujet",,,,,
,3. Programm√©,"Quelles SUITES pour l'Opale, 10 ans apr√®s ? ",,"Qu‚Äôest-ce qui fait √©voluer les syst√®mes et les mod√®les d‚Äôorganisation ? 

D‚Äôabord, les prises de conscience de leur limites et l'√©mergence r√©p√©titive des probl√®mes que ces limites g√©n√®rent. 
Ensuite, l'√©mergence de nouveaux outils ou mod√®les changeant la donne, comme ce fut le cas avec l'opale il y a 10 ans.

Quelles sont les limites et les probl√®mes inh√©rents au mod√®le opale ?

Quels sont les nouveaux outils r√©pondant √† ces probl√®mes et mod√®les √©merg√©s apr√®s l‚Äôopale ? 

R√©ponses dans l‚Äôatelier.","Atelier, Conf√©rence (ou presque)",23/01/2025,11:00,0:02:00,Le 47,Grand salon (47),12,Aleksander Piecuch,"Mon parcours atypique (ing√©nieur, militant, prisonnier politique, moine, th√©rapeute, multi-entrepreneur, ...) m'a donn√© une vision unique du leadership et de la transformation. 
Aujourd'hui, apr√®s 45 ans d'exp√©rience en intelligence collective, et d'accompagnement de la transition et l'√©panouissement des organisations et des individus, j'accompagne les entreprises visionnaires avec la Gouvernance Organique, un mod√®le que j'ai con√ßu il y 10 ans.","Mes causes

La Transition Turquoise : individuation personnel et collective, mod√®le de l‚Äôorganisation organique, transparence, honn√™tet√© intellectuelle, consensus sans compromis, unanimit√© connect√©, fonctionnement en flow collectif, synth√®se science-spiritualit√©-busines-amour",https://lh3.googleusercontent.com/pw/AP1GczNTerTt6CZHstTqpOagrhlDJz7CBhCVtjSjGm5xKND3fmzQ5G7ZfIU7ntN2vp-i0YbfooC-bzdHymltMQPPSPykh9G1DZ1I4ZE8CBbjZzNI18dL_DcO00PrusLczymNxqt3LCkEK_Kc9fFeumpN40T0=w206-h158-s-no-gm?authuser=0,https://lh3.googleusercontent.com/pw/AP1GczMfiXt0se2LUYQpOkvXDyqIrtyenCVEFB60PhQSo9Ynyb60JkRc6RHsSf0I73GWUakjrLPqaW_zqTVCNe9sSw6-jcLq6j-MGu78yBtojcfJ-DcueJ4JcFIFY4e7TjyjViP0Tr88vCcZl2VC8Us9Dz-A=w536-h603-s-no-gm?authuser=0,www.linkedin.com/in/aleksander-piecuch,,,Avancer mes causes,"experts et praticiens du mod√®le opale et
entreprises lib√©r√©es
porteurs des projets d'avangarde
start-ups de nouvelles g√©n√©rations
entrepreneurs en qu√™te de conscience
entreprises en transition
investiseurs soutenant transition et de vision d'avenir",,,,,
,3. Programm√©,La Fresque des Low Techs,,"La Fresque des Low-techs est un atelier d‚Äôintelligence collective, ludique et bas√© sur des r√©f√©rences de sciences humaines et naturelles.

Avec une trentaine de cartes, les participant-es appr√©hendent les limites et probl√®mes du syst√®me technique actuel, puis d√©bouchent sur une solution low-tech.",Atelier,23/01/2025,13:00,0:03:00,Le 47,"Grand salon (47), Petite salle de travail",12,Bruno Thomas,"Informaticien depuis 25 ans, je me suis int√©ress√© d√®s le d√©but √† l'open source et √† l'artisanat logiciel. Le passage par une ESN m'a questionn√© sur l'utilit√© des applications qu'on y d√©veloppait. J'ai repris go√ªt √† ce que je faisais gr√¢ce √† l'apprentissage de l'agilit√© et du lean et j'ai √©t√© d√©veloppeur coach chez Orange. J'ai depuis pris conscience de l'importance de l'impact de l'informatique sur les enjeux environnementaux et me suis sp√©cialis√© en √©co-conception logicielle.",,https://lh3.googleusercontent.com/pw/AP1GczNyh2PPFLUybtYsu8Gu2XM_PqTltu867LrcRZ3zk3gehZ_ELySy7NSlioyoMLprkmR6siJr4QgWlu2p5nh0IGXzo-beQb9Y-tHImBINUZYN5gcXGmv_9d1BtpL9ZdHwaA7UyOIIvpf5Pk9j5T0RcLDs=w960-h540-s-no-gm?authuser=0,https://lh3.googleusercontent.com/pw/AP1GczPlSP9bsjGHx91vAKwcwMgurryOK9k3zluIFmVTwL3HJ899u5L31Yw8LBoAzlnb7ni6wEY-U8dxQegMGy9lDL2e4_BybnMDNnTMXINKVMUH_YpWLFmaZ4iZFSQB51Mb83MDVVPSH6h133lje31nsKli=w650-h650-s-no-gm?authuser=0,,,,,,,,,,
,3. Programm√©,Les pratiques manag√©riales d'Emmanuelle Hoss,"Enregistrement d'un podcast en live pour le projet ""La Marche de la Tortue"" ","Duc est √† la recherche des signaux faibles dans l'√©volution des patiques manag√©riales. Au travers d'entretiens avec des leaders atypiques, il explore ces petits pas de c√¥t√©s par rapport au paradigme fordiste du ""Command and control"", pour essayer d'obtenir des indices sur les nouvelles tendances dans la prise de d√©cision et la d√©l√©gation en collectif.",Conf√©rence (ou presque),23/01/2025,16:30,0:02:00,Le 47,"Petite salle de travail, Salle o'calme, Grand salon (47)",20,Emmanuelle Hoss,"Emmanuelle Hoss est une figure importante du d√©veloppement √©conomique et commercial de Paris. Elle occupe actuellement le poste de directrice g√©n√©rale de Paris Commerce depuis octobre 2017, o√π elle revitalise le commerce de proximit√© √† Paris en favorisant l'installation de commer√ßants et artisans ind√©pendants.",un futur du travail bienveillant et humaniste. ,,,https://www.linkedin.com/in/emmanuelle-hoss-909509/,,https://diaries.offinity.io/users/668fbce925fc7e005838e69b,d√©couvrir les signaux faibles qui annoncent les formes que pourraient prendre les modes de production de demain.,,,session film√©e en live avec une 15aine de places pour l'assistance.,,,?
,3. Programm√©,"""Cause maintenant cause toujours""
La bande Originale de ta vie.
","""SID√âRAL"" : un atelier cr√©atif o√π musiques et causes se rencontrent.","Bienvenue √† ""SID√âRAL"", un atelier cr√©atif o√π musiques et causes se rencontrent. 

Ici, c'est ton histoire ou ton projet qui prennent vie, d'abord sous forme de dessin ;
Puis tu me le racontes, en partageant tes id√©es, tes √©motions ou tes r√™ves qui l‚Äôaniment.

Ensuite, je m'inspire de ton r√©cit et je cr√©e instantan√©ment la bande-son de ton histoire, que ce soit au piano, √† la trompette, aux percussions ou au synth√©, je compose en direct une musique unique pour t'accompagner dans ton univers. 

Chaque morceau est une improvisation, un cadeau musical spontan√©, un √©cho √† ton dessin et ta cause, la BO de ta vie ou de tes projets. 

Alors viens, je te jouerai ta m√©lodie, une cr√©ation en Live et sans filet !","Performance artistique, Atelier",23/01/2025,17:30,0:02:00,Le 47,BlaBlaRoom,6,Etienne Gauthier,"Compositeur de musique, cr√©ateur de spectacle, conferencier. Mes camarades compositeurs me d√©finissent comme un chercheur intuitif, un homme √©lectronique, un explorateur de sons. J‚Äôaime √ßa associer les sons aux histoires. Que ce soit un scenario, une chanson, une collab, un workshop. J‚Äô√©coute les mots et je trouve les symboles originels qui transparaissent.
Toute histoire est une cr√©ation, toute cr√©ation a une histoire",,https://lh3.googleusercontent.com/pw/AP1GczPMHiWXf1iO2gBdK9NHmAX9waytOCdtnrIBkjQ7qVSTe8ypXjCCuwpAXZdiuH8oHhDq4rJ5iUM5BWrU3pCyEX96yHD34DrUQl-iVif_Uz5vDT7yaSJUsKzeo9YhoFFtbTw_-KND09AWTXCKl25siyjU=w605-h339-s-no-gm?authuser=0,https://lh3.googleusercontent.com/pw/AP1GczPvkMUShjksTDi_hOIoXpdB3GYMei_j-BgOayA1MmEYu4QPwhalOIFctaOS0qSsy-wBw_NYzIcdD6tNnx7nVkcbr--9mCI49dQeurLc2prSd-TeekSMIHE56dlgIpS-UMsoYSmL-ZFAo9JQt3NP-6yc=w605-h544-s-no-gm?authuser=0,https://www.linkedin.com/in/etienne-gauthier-%F0%9F%8C%8E%F0%9F%8E%A7%F0%9F%A5%81-a052695a/,https://www.instagram.com/etiennegauthier_ad_composer/,https://diaries.offinity.io/users/66840a493a7d79004e3e1217,,,,,,,17h - 22h
,3. Programm√©,Et si on pouvait travailler autrement ?,"Projection-d√©bat, film √† d√©couvrir","Laissez-vous emmener avec cette s√©quence ""sans filtre"" dans une plong√©e exclusive au coeur d'un univers du travail diff√©rent, attachant, et, on esp√®re, inspirant ! La projection sera suivie d'une session de questions r√©ponses avec des acteurs clefs du film.",Performance artistique,23/01/2025,19:00,0:02:00,Le 47,"Petite salle de travail, Salle o'calme, Grand salon (47)",25,Duc Ha Duong,"Duc est un entrepreneur engag√©. Passionn√© par la souverainet√© individuelle et les nouvelles formes d‚Äôorganisation, il ≈ìuvre √† r√©duire les rapports de domination non consentis dans les projets collectifs, en conciliant humanisme et innovation. Ses champs d'action incluent le tiers lieu du 47, l'entreprise de services num√©riques Officience bas√©e au Viet Nam, le mouvement de plaidoyer et de partage de pratiques Open Opale, et la plateforme num√©rique Offinity. ",un futur du travail bienveillant et humaniste. ,,https://lh3.googleusercontent.com/pw/AP1GczP6xK1NeSZ41u1qepq9g1uH62iYP9bl6JYntcq_2lQV7U6kA6DulYgkjs4quCqrGkInHeBTJFzugiSQFw1fBlSEs5SoKeXkiUC-NZVtw87XSwvZ6bIiYocE-yCyo8Pl_9CjFMCnSMwoogZAU6qvqVR2=w650-h650-s-no-gm?authuser=0,https://www.linkedin.com/in/duchaduong/,https://www.instagram.com/instaducgram/,https://diaries.offinity.io/users/602cc5eee8d9bc0039b213ca,Faire r√©fl√©chir sur les v√©ritables inconv√©nients du travail en mode opale,dirigeants,,,,,
,3. Programm√©,C√©r√©monie de r√©-√©quilibrage des contributions.,"Une exp√©rimentation innovante du prix libre, int√©grant flux financiers et non financiers.","Lors de ces moments, vous pourrez mettre √† jour vos contributions financi√®res li√©es au festival. A la hausse ou √† la baisse. 
","Atelier, Autre",24/01/2025,11:30,0:01:00,Le 47,Grand salon (47),20,Raphael Szmir,,,https://lh3.googleusercontent.com/pw/AP1GczM7SqS9ZIVFOv4Tq73LvXs44DiCQysukGug1knGhUcQ-OLCC3o20_ZFLcMZ9ybElqDQInMvaAdBBWAgfg9zJLRoUoglFD4j3lJUSMnPqUFHn_Z1eMMRGU7cJrb7ZdNw25rWk8JCuaFEGGI65pSCKKxZ=w1156-h650-s-no-gm?authuser=0,https://lh3.googleusercontent.com/pw/AP1GczOCfLJyrLA2qFeagELkqW1p0lrruDnWeWitEnEYbZ7exZtlcnmNg6FJbISAYPslwhAKaogJIcGAkejs_PbvIn2Kpq4jsimkR52D_fcYNH2KI7X1KpyOwvkR-mSrE0tbR83yZV_v03dZjtTJNbb0fOmt=w488-h650-s-no-gm?authuser=0,,,,,,,2 grandes tables au milieu de la pi√®ce ?,A voir,,"1 ou 2 fois par grosse journ√©e du festival, le vendredi et samedi ? Exemple 1 fois le midi, et une fois en fin de journ√©e, avant le d√©but de la soir√©e"
,3. Programm√©,C√©r√©monie de r√©-√©quilibrage des contributions.,"Une exp√©rimentation innovante du prix libre, int√©grant flux financiers et non financiers.","Lors de ces moments, vous pourrez mettre √† jour vos contributions financi√®res li√©es au festival. A la hausse ou √† la baisse. 
","Atelier, Autre",24/01/2025,15:30,0:01:00,Le 47,Grand salon (47),20,Raphael Szmir,,,https://lh3.googleusercontent.com/pw/AP1GczM7SqS9ZIVFOv4Tq73LvXs44DiCQysukGug1knGhUcQ-OLCC3o20_ZFLcMZ9ybElqDQInMvaAdBBWAgfg9zJLRoUoglFD4j3lJUSMnPqUFHn_Z1eMMRGU7cJrb7ZdNw25rWk8JCuaFEGGI65pSCKKxZ=w1156-h650-s-no-gm?authuser=0,https://lh3.googleusercontent.com/pw/AP1GczOCfLJyrLA2qFeagELkqW1p0lrruDnWeWitEnEYbZ7exZtlcnmNg6FJbISAYPslwhAKaogJIcGAkejs_PbvIn2Kpq4jsimkR52D_fcYNH2KI7X1KpyOwvkR-mSrE0tbR83yZV_v03dZjtTJNbb0fOmt=w488-h650-s-no-gm?authuser=0,,,,,,,,,,
,3. Programm√©,L'hypnose au service des organisations,,,Atelier,24/01/2025,9:30,0:01:30,Chez Duc et Alexandra,Salon familial (Ha Duong / Gautrand),9,L√©na Jaros,"Lena Jaros est experte en hypnose et changement collectif, offrant une approche unique qui m√®le √©merveillement, engagement et sagesse, pour r√©v√©ler les talents individuels et collectifs. ""Boostez vos comp√©tences et celles de vos √©quipes avec l'hypnose collective!""",,https://media.licdn.com/dms/image/v2/C5616AQEk2JjoDo2Slg/profile-displaybackgroundimage-shrink_350_1400/profile-displaybackgroundimage-shrink_350_1400/0/1611502925559?e=1742428800&v=beta&t=yHpCIUuzYmJLeTu28NfP-eO8ezy_W0xIRnwgN7Ix5h8,https://media.licdn.com/dms/image/v2/D4E03AQEp9OwLp9CF5A/profile-displayphoto-shrink_800_800/profile-displayphoto-shrink_800_800/0/1698000650058?e=1742428800&v=beta&t=QYz1uX19QT9pjwBz0HJAZU3zVtXBaYTaHada09n-xeg,,,,,,,,,,
,3. Programm√©,C√©r√©monie de r√©-√©quilibrage des contributions.,"Une exp√©rimentation innovante du prix libre, int√©grant flux financiers et non financiers.","Lors de ces moments, vous pourrez mettre √† jour vos contributions financi√®res li√©es au festival. A la hausse ou √† la baisse. 
","Atelier, Autre",25/01/2025,11:30,0:01:00,Le 47,Grand salon (47),20,Raphael Szmir,,,https://lh3.googleusercontent.com/pw/AP1GczM7SqS9ZIVFOv4Tq73LvXs44DiCQysukGug1knGhUcQ-OLCC3o20_ZFLcMZ9ybElqDQInMvaAdBBWAgfg9zJLRoUoglFD4j3lJUSMnPqUFHn_Z1eMMRGU7cJrb7ZdNw25rWk8JCuaFEGGI65pSCKKxZ=w1156-h650-s-no-gm?authuser=0,https://photos.google.com/share/AF1QipOSrky0OV7TE_G33muk6ikRsEaHDOZxpCJPg9BB54oHCzA_Ex5xJ031FwaJ5aAzog/photo/AF1QipM3vthYIOL-9S-4PnkrtRN7nkUnuEaRh3ZqQqQi?key=RWItNHQ5bHFFV3JJNWt3TUFreUg4bUtYRHVtelhR,,,,,,,,,,
,3. Programm√©,C√©r√©monie de r√©-√©quilibrage des contributions.,"Une exp√©rimentation innovante du prix libre, int√©grant flux financiers et non financiers.","Lors de ces moments, vous pourrez mettre √† jour vos contributions financi√®res li√©es au festival. A la hausse ou √† la baisse. 
","Atelier, Autre",25/01/2025,15:30,0:01:00,Le 47,Grand salon (47),20,Raphael Szmir,,,https://lh3.googleusercontent.com/pw/AP1GczM7SqS9ZIVFOv4Tq73LvXs44DiCQysukGug1knGhUcQ-OLCC3o20_ZFLcMZ9ybElqDQInMvaAdBBWAgfg9zJLRoUoglFD4j3lJUSMnPqUFHn_Z1eMMRGU7cJrb7ZdNw25rWk8JCuaFEGGI65pSCKKxZ=w1156-h650-s-no-gm?authuser=0,https://photos.google.com/share/AF1QipOSrky0OV7TE_G33muk6ikRsEaHDOZxpCJPg9BB54oHCzA_Ex5xJ031FwaJ5aAzog/photo/AF1QipM3vthYIOL-9S-4PnkrtRN7nkUnuEaRh3ZqQqQi?key=RWItNHQ5bHFFV3JJNWt3TUFreUg4bUtYRHVtelhR,,,,,,,,,,
,3. Programm√©,Anti-Chaos: naviguer sereinement dans un monde complexe et incertain.,"Le club livres du 47 re√ßoit Matthieu Dardaillon pour pr√©senter son dernier ouvrage, sortie le 16 janvier 2025.","S'appuyant sur diverses disciplines telles que la prospective, l'√©cologie, l'√©conomie et la philosophie, ""Anti-Chaos"" vise √† aider chacun √† retrouver sens, √©nergie et joie dans l'action, au service d'une soci√©t√© plus juste et durable.",Conf√©rence (ou presque),24/01/2025,9:00,0:02:00,Le 47,"Grand salon (47), Petite salle de travail, Salle o'calme",30,Matthieu Dardaillon,"Matthieu est un entrepreneur social et fondateur de Ticket for Change. Il co-cr√©e l'association en 2014 pour activer les talents et encourager l'entrepreneuriat √† impact. Il inspire et accompagne ceux qui veulent changer le monde par leur travail, √©galement par sa co-pr√©sidence de la CEC, Convention des Entreprises pour le Climat. Son approche allie inspiration, introspection et passage √† l'action. Anti-Chaos est son 4√®me livre.",#ESS #EntrepreneuriatSocial,,,https://www.linkedin.com/in/matthieu-dardaillon/,,,,,,,,,
,3. Programm√©,Voyage en 2030 Glorieuses (version classique),,"Olivier M√©nicot et Christophe Limon vous proposent  de d√©passer le pessimisme ambiant et de se transporter, le temps de quelques heures, dans un espace o√π tout est possible.",Atelier,24/01/2025,9:30,0:02:30,Le 47,"Grand salon (47), Petite salle de travail",10,Olivier M√©nicot / Christophe Limon,"Olivier M√©nicot est un entrepreneur syst√©mique dont la cause est la transformation √©cologique des organisations. Il aime voyager dans le temps pour r√©flechir au Monde d'Apr√®s. 

Christophe Limon accompagne les entreprises √† int√©grer les d√©marches √† impact positif dans leur mod√®le d‚Äôaffaires. Il aime les embarquer en 2030 Glorieuses pour se lib√©rer du pr√©sent et mieux imaginer leur futur.        ",Transformation Ecologique ,https://assets.softr-files.com/applications/b65c2a92-7c38-4fca-a22a-140f86281f02/assets/26579db0-1605-47ba-90e3-426e84246506.png,https://www.systemik-impact.com/wp-content/uploads/2024/06/43_BORN_IN_PPM_OLIVIER_MENICOT_Small%C2%A9_MaryLou_Mauricio.jpeg,"www.linkedin.com/in/oliviermenicot

www.linkedin.com/in/christophe-limon-üíö-a37a332a  ",,https://diaries.offinity.io/users/644a3194ab7e6200588bfec4,"Proposer de d√©passer le pessimisme ambiant et de se  remettre, le temps de quelques heures, dans un espace o√π tout est possible.",Tout public,Imaginer le 47 dans un monde utopique,"5 √† 10 personnes (1 √† 2 tables de 4-5 personnes)
Une seule grande salle n√©cessaire , Grand salon ou equivalent",1 √† 2 tables pour poser les jeux avec 4-5 personnes par tables ,https://www.2030glorieuses.org/voyage,"Vendredi ou samedi entre 9h30 et 22h. 
Possibilit√© de faire un 2√®me voyage avec Hortense Noiret sur 2 journ√©es diff√©rentes"
,6. Annul√©,Atelier de fabrication d'IA,Soulevons le capot de la machine pour faire nos propres agents intelligents.,C'est pas sorcier ! Venez avec votre ordinateur d√©couvrir l'√©tendue de ce qu'on peut faire en 90 minutes avec les derni√®res technologies d'IA disponibles gratuitement. Spoiler : √ßa va plus loin que d'√©crire des po√®mes.,Atelier,24/01/2025,9:30,0:01:30,Le 47,BlaBlaRoom,8,Emmanuelle Roux,"Entrepreneuse engag√©e et conf√©renci√®re, Emmanuelle est actuellement conseill√®re du Directeur g√©n√©ral de l'IGN. Fondatrice du Chaudron.io, elle ≈ìuvre pour l'√©mancipation num√©rique et l'adaptation aux transitions soci√©tales. Experte en strat√©gie num√©rique, elle a √©t√© membre du Conseil National du Num√©rique et est chevalier de l'ordre national du M√©rite.",#√©mancipation #maker #souverainet√©,,,https://www.linkedin.com/in/emmanuelle-roux-%F0%9F%8E%A4-13437110/,,https://diaries.offinity.io/users/649def40b198e30058f2c1de,,,,,,,
,3. Programm√©,R√©v√©ler la raison d‚Äô√™tre de votre organisation,Une transformation align√©e et inspirante,"J‚Äôallie mon expertise de strat√®ge en transformation d‚Äôentreprise et mon hypersensibilit√© dans cette conf√©rence - atelier sur la raison d‚Äô√™tre de l‚Äôentreprise : la connecter, la d√©finir, la faire vivre en harmonie avec les indicateurs de performance. 
Les r√©flexions individuelles seront suivies de partage et de pitchs de raison d‚Äô√™tre, pour ceux qui le souhaitent.
Repartez avec des outils concrets pour aligner votre organisation et ses parties prenantes autour d‚Äôun objectif commun.","Atelier, Conf√©rence (ou presque)",24/01/2025,13:30,0:02:30,Le 47,BlaBlaRoom,9,Morgane ROLLANDO,"Morgane Rollando, architecte visionnaire des transformations d'entreprise, est une force dynamique qui propulse les organisations vers des sommets in√©gal√©s. Avec une carri√®re de plus de deux d√©cennies dans le monde de la technologie, de la finance et de l'innovation, Morgane incarne la fusion parfaite entre expertise financi√®re aiguis√©e et une passion contagieuse pour l'entrepreneuriat et l‚Äôinvestissement √† impact. Elle est une fervente partisane de l‚Äôentreprise √† mission.
Morgane ajoute une touche personnelle sur l‚Äôentreprise √† mission. Elle tisse le mod√®le √©conomique et la strat√©gie d‚Äôentreprise autour de la raison d‚Äô√™tre de celle-ci. Sa m√©thodologie s‚Äôaxe sur l'alignement des parties prenantes avec la mission fondamentale de l'entreprise. Pour elle, une entreprise, un engagement professionnel est beaucoup plus qu‚Äôune entit√© juridique g√©n√©rant du profit. Elle la consid√®re comme une entit√© vivante avec son √¢me et sa mission propres. ","#Business4good. L‚Äôentreprise en tant qu‚Äôentit√© collective, agissant pour elle et pour plus grand qu‚Äôelle. Impact holistique",https://lh3.googleusercontent.com/pw/AP1GczOP5LKtc4yZDf0mQwd0TgaUxkYxHysmjXcAqo0XXFQTbhUQjzHcX_hYu6_s90fGjCu2PWTzySU49Dns9Bh9hhgfMWtQINB3vetj7bJbPBACag5wsMVY7C4rDRC37TiBcqLy2NXPLMC3uAH8Fvjjzf1C=w975-h650-s-no-gm?authuser=0,https://lh3.googleusercontent.com/pw/AP1GczOcVq6WiHiTmvz7IOEX-mqtx7JMQ0OccQYhTfZxKMLS57YA0Yp6Ndn-sfHGCfpZuldJEDdnUGhdC7ZlgAVh3ySIJa71wPWNl7x0BFHQObKu3H-aGc0tdlYbTMvIqpJXoLSmB-jgZUKdSfkEl3_wo-Xj=w650-h650-s-no-gm?authuser=0,https://www.linkedin.com/in/morganerollando/ ,,,"Proposer un atelier sur la raison d‚Äô√™tre de l‚Äôentreprise, la connecter, la d√©finir, la faire vivre en harmonie avec les indicateurs de performance. Les r√©flexions individuelles seront suivies de partage et pitchs de raison d‚Äô√™tre pour ceux qui le souhaitent.","Entrepreneurs, dirigeants, managers, acteurs de l‚Äôentreprise","Du concret pour avancer sur un projet, une entreprise qui a du sens avec une m√©thodologie",Entre 10 et 20 personnes; grand salon,"Canap√©s, chaises et possibilit√© de s‚Äôasseoir par terre avec des coussins
Tapis rouge pour visualiser la ‚Äúsc√®ne‚Äù
Paper-Board pour nl‚Äôatelier pitch de raison d‚Äôetre",,
,3. Programm√©,"Ecoute ton corps, trouve ta force.","On met souvent notre corps et son expression au second plan, alors que c'est notre plus grand pilier face au stress, √† l'anxi√©t√©, √† la peur ... √† l'incertitude du quotidien.","Se connecter √† son corps pour se ressourcer et activer sa force int√©rieure en utilisant le mouvement, la danse, la voix, la respiration et la visualisation, le tout dans la l√©g√®ret√© !",Atelier,24/01/2025,14:00,0:01:30,Le 47,Grand salon (47),10,Anne L√©ger,"Anne est une entrepreneuse, artiste et coach engag√©e. Elle accompagne les transformations int√©rieures √† travers la conscience de soi, la connexion au corps, la cr√©ativit√©, la coop√©ration et le passage √† l‚Äôaction pour que chaque personne puisse s'engager dans la construction d'un monde plus respectueux de soi, des autres et du vivant.","Ecoute profonde, expression lib√©r√©e, vivre-ensemble, transformation",https://lh3.googleusercontent.com/pw/AP1GczOsbOQjGW5fbZ7Pnw2EAta9Nt6EkLl1BYYSdQyzj5S5kq2l0jd4Vo079HcFlWCSkKhlLbCldvIjLRSz0poZlNqGrje3eKWaPsHSyvO-D01zDoG5kopzmhwTeQ25DoiY7X-C7euu6o6mbjN3WXO8W_Kp=w1242-h650-s-no-gm?authuser=0,https://lh3.googleusercontent.com/pw/AP1GczOm9f_WSaIPmLft0LQ6_KtWsKkBKOQLkeEF0OEUC-k8QnJgXk916y0OqJ3whq62mMbpxt4UY6WqtfkJEdhmqw-Jr1NaC8dd7qlQC_A0bV6Zqg6bTAXaDn4ywz0LvkxrZ1lqxr4jjy4F-NA1dAaFWIWh=w474-h650-s-no-gm?authuser=0,https://www.linkedin.com/in/annelegerpoet/,,,Permettre aux participant-es de prendre conscience de toutes les ressources qu'iels ont en eux et qu'iels peuvent les nourrir et les activer.,"Entrepreneureuses, dirigeant-es, leaders, personnes aux modes de vie mouvant faisant face √† des challenges au quotidien",,Grand salon ou √©quivalent,besoin d'un espace modulable avec de quoi s'assoir et pouvoir √™tre en mouvement,12 personnes max,Heure souhait√©e : 14h30 - 16h
,3. Programm√©,Un entreprenariat qui nous ressemble pour un monde qui nous ressemble,"Un moment de partage d'exp√©rience et d'exploration vers une autre mani√®re d'envisager l'entreprenariat :  en partant de vous et avec l'intention de contribuer, √† votre √©chelle, √† un monde qui nous ressemble.",Partages d'exp√©riences compl√©t√©s par une invitation √† explorer de nouveaux possibles en tant qu'entrepreneurs et artisans d'un monde qui nous ressemble,"Conf√©rence (ou presque), Atelier",24/01/2025,14:00,0:01:30,Chez Duc et Alexandra,Salon familial (Ha Duong / Gautrand),10,Prisca Elisabeth,"Prisca Elisabeth, artisane d'un monde qui nous ressemble. Gr√¢ce aux aventures propos√©es par le Pouvoir du Sens, je permets une action juste au quotidien, seul ou en √©quipe, gr√¢ce √† la coop√©ration profonde.","Diversit√©, √©quivalence  et coop√©ration pour un monde durable",https://lh3.googleusercontent.com/pw/AP1GczPX3Z6o4hkhCtonK7hKS_oErPkvFTldem50myhuz-dKBMYof1JDUBhjZx0-QYoKyWIAiYN6C6Qi5trORxUSzeMqwQiQ2bl2Y6wzyJ0t7B4f_xg_ZokxfnHu-4_bvmggO6BFClvFfNiLI3Qxo5elRoE=w1214-h650-s-no-gm?authuser=0,https://lh3.googleusercontent.com/pw/AP1GczNkmraP3ub-m80re_AxhBRSwfcCc2RckBls53NDGunbgZsB5NceJgLmy1xdzRq2XZ1SzLfFtlXpdjU4ko6qKP3XxsGpwi2M4MYA6GZhrn0U9iAJpgD2vn_XFyLSPLqOT1DYgLLNFhMlZ-_y8JL3y68=w565-h467-s-no-gm?authuser=0,https://www.linkedin.com/in/prisca-elisabeth-5036b3113/,,,"Cr√©er des rencontres authentiques, entre artisans d'un monde qui nous ressemble",Artisans d'un monde qui nous ressemble = cr√©ateurs de sens engag√©s ou pr√™ts √† s'engager pour une soci√©t√© durable,,20 √† 25 participants. Grand salon et pi√®ces ajacentes,Une table pour le buffet et des si√®ges dispos√©s en duo partout dans la pi√®ce,, 
,3. Programm√©,Chant et travail qui relie.,Identifier en soi ce qui permet de faire appel √† une sensibilit√© et un engagement ecologique et commencer ou continuer d‚Äôagir.,"Inspir√©s par le travail qui relie de Joanna Macy, la co-improvisation vocale et le chant, nous parcourons les diff√©rentes √©tapes du passage √† l'action.","Atelier, Performance artistique",24/01/2025,14:30,0:01:30,"Chez C√©dric (BlueChoice), au 3√®me",Salon BlueChoice,16,St√©phane Gabbay et Sandrine Laplace,"St√©phane Gabbay met la musique et l'intelligence collective au service des transitions (www.facilitationmusicale.com)

Sandrine Laplace est une scientifique qui explore d'autres mani√®res d'envisager le monde. Elle propose des exp√©riences qui m√®lent les sciences, les √©motions, la po√©sie et le corps pour √©largir nos visions du monde. Elle a cr√©√© l'association 7√®me G√©n√©ration qui oeuvre avec ces exp√©riences pour que le monde soit encore habitable pour les futures g√©n√©rations (https://www.7eme-generation.org/)","L‚Äôart qui relie, l‚Äô√©coute, le care, l‚Äôenvironnement",https://lh3.googleusercontent.com/pw/AP1GczNgbB_oeH2zt_QKF6lZ6M7jhJjOSr8ehzGIFLJiFki_t9pvHKtCVFAJWM8QT09l_ClNXbEpBoZge1obIbztsdUyAkTi9QRkw7W5S9Wm8vZylvF-eH6WwKE8be4kk0hyKiqp9raY26S02Yh5Nf0_64_8=w375-h200-s-no-gm?authuser=0,,https://www.linkedin.com/in/sgabbay/    https://www.linkedin.com/in/sandrinelaplace2/,https://www.instagram.com/stephane.gabbay/,https://diaries.offinity.io/users/602eb954eadd10001244ffe4,"Identifier en soi ce qui permet de faire appel √† une sensibilit√© et un engagement ecologique et commencer ou continuer d‚Äôagir.",Tous les curieux,De la joie et peut-√™tre des petites graines de conscience,"Plutot une grande salle isol√©e (Appart de Cedric?)
De 7 √† 20 participants
","Espace pour etre de 7 a 20 en cercle
Des coussins",,Cr√©neau horaire souhait√© : 14h30 √† 16h
,3. Programm√©,Tribe-X talk,Group discussions (FR/EN) about the links between Tech and Colonialism,"An opportunity to realize some of the things happening behind our screens and question if colonialism is over, of just not looked at anymore ? And why does it matters ? How is it connected to the present chaos of our time ?",Conf√©rence (ou presque),24/01/2025,16:30,0:01:30,Le 47,"Grand salon (47), Petite salle de travail",20,Rania Youssef,,,https://lh3.googleusercontent.com/pw/AP1GczP9XzNhMJZ_kr1TN9BCkHl0ojgGrc0vbXhvHWlLBxXeJdjkbZ6nXSiYT_nsL2JAXJkwkSXe3ag3-HraGgVRY30ZlnrYIsewaHM-2x2Zx7EDwKda8kYzq0vacoGESHF9N_C4OJcixush_3ubgqrDJem2gA=w975-h650-s-no-gm?authuser=0,https://lh3.googleusercontent.com/pw/AP1GczPK4Cl94xepEkQpR17_bHOb_vIUYcutlB_xuyKkM0kPbp5EvkSYuYvTw0egt2BpMe27AtwT5W5IrAs8_kJ_mKikL9bgrlHASRJosAuyZPG69J4GtTHAk6nM_tNBrA-bzhwDg6xHu57ZsopPH9xw2VLABg=w1952-h1856-s-no?authuser=0,,,,,,,,,,
,3. Programm√©,Atelier de prospective fictionnelle,Un moment collectif de construction d'histoires enthousiasmantes,"Dans un monde o√π les sch√©mas se r√©p√®tent, s'int√©resser aux r√©cits propose une porte de sortie vers quelque chose qui nous ressemble plus. Dans cet atelier, nous allons pratiquer l'√©coute en r√©sonance pour nous mettre en conditions imaginales, puis nous construirons en petit groupe des histoires enthousiasmantes avant de prendre de la hauteur sur nos cr√©ations. Fun et profondeur au programme.",Atelier,24/01/2025,16:30,0:02:00,Chez Duc et Alexandra,Salon familial (Ha Duong / Gautrand),10,Adrien Tardif,"Litt√©raire dans une classe scientifique, Adrien Tardif explore depuis plusieurs ann√©es les interd√©pendances entre l‚Äôimaginaire et l‚Äôaction. L‚Äôauteur de 33 ans aide les individus et les organisations √† r√©aliser leurs r√™ves et leurs ambitions en misant sur la confiance, l‚Äôentraide et l‚Äôamour. 

Adrien puise son inspiration au sein de communaut√©s dont celle du 47. Alain Damasio dans la pr√©face de son livre indiquait qu‚ÄôAdrien √©tait bien mal nomm√© car il √©tait tout sauf ¬´ tardif ¬ª‚Ä¶ et avait un coup d‚Äôavance pour imaginer un livre de SF sans ¬´ robots  ni vaisseaux ¬ª ‚Ä¶juste de l‚Äôhumain. ","Wholeness, nouveaux r√©cits",https://photos.fife.usercontent.google.com/pw/AP1GczM9qPY9afg_46R8-xoX22OCyKw0IGKDJ3Wr5aLh13fhcetguIAOLJeW=w865-h650-s-no-gm?authuser=0,https://lh3.googleusercontent.com/pw/AP1GczN15Tg9OQC3Vq49pGDlPhSLAI5XVFOu_uiB2U21pztLvVPQO5C6r0ItvIbc7QN87t46UqGff48ZWynm919_ks55KgAwk3Q91HGw4kHTOpepsKUnUZ12Zwont6OrPtQ0p3MSATpDIyRBhFCybBZoi2mA=w650-h650-s-no-gm?authuser=0,https://www.linkedin.com/in/adrien-tardif/,,https://diaries.offinity.io/users/6036584ceadd10001244ffe9,Contribuer √† la vie du 47. DIffuser des pratiques de r√©sonances et donner des cl√©s sur la narration personnelle pour se r√©inventer,Tout type de public,La juste valeur,Besoin de pouvoir faire des sous-groupes de 3-4 personnes (donc 3 groupes max si on a 10 participants max). ,Id√©alement s'ils ont une table pour chaque sous-groupe avec des chaises pour tous c'est mieux pour √©crire mais √ßa marche aussi √† la roots (avec des coussins dans ce cas c'est plus confort),,
,3. Programm√©,Exploration intuitive ,Venez discuter de l'intuition et vivre une exploration intuitive!,"Notre mental prend une place extr√™me dans nos vies, il parle si fort que nous n‚Äôentendons plus les messages subtils de notre corps et de notre intuition.
L‚Äôintention de l‚Äôatelier : se reconnecter √† son intuition pour prendre une d√©cision, faire un choix ou recevoir un √©clairage g√©n√©ral pour mieux s'orienter dans sa vie.

L'atelier est structur√© en deux temps : 
- un partage de bonnes pratiques pour √©couter son intuition dans son quotidien et la distinguer du mental
- une exploration intuitive √† travers un voyage m√©ditatif et l'utilisation de supports permettant de faire √©merger une vision analogique, symbolique.
",Atelier,24/01/2025,16:30,0:02:00,Le 47,BlaBlaRoom,6,Corinne Risse,"Corinne Risse est accompagnante et cr√©atrice - facilitatrice d'ateliers, sp√©cialis√©e sur les strat√©gies mentales et sur l'intuition.","L'√©cologie int√©rieure, la singularit√© de chacun, l'humanisme",https://lh3.googleusercontent.com/pw/AP1GczPuguBSk5iX66h8a7tyzcz6u6K-SMaGHnNvhBNoLpdSZh3xtsu9w1M0V2nqgNxEOASHalTW8Qtlv3Vxw8kA2lwQR94Gykc_A9xyC81cb7DsLAfC7WbNOSrRdliOGUjWO5QJMvdlfRTkn46QMIVF8nap=w370-h176-s-no-gm?authuser=0,https://lh3.googleusercontent.com/pw/AP1GczPKonFcxQz1GNo7aGK1lwTlePxxBom3Golz0uN7yZN6I1xtsWKuQOgidIn7HAjoTgrdIkFRnMvDfXJ-whY5yyDYO1XZZOL90mfZ1pD9sfETRhOsnLnXOltYuUBRw23Z6n3l1kJ7NgOfVQobEQ6fqhyt=w650-h650-s-no-gm?authuser=0,https://www.linkedin.com/in/corinne-risse-12b731125/,https://www.instagram.com/humainenherbe/,https://diaries.offinity.io/users/67613b45fb2dd80058ef5f43,"Notre mental prend une place extr√™me dans nos vies, il parle si fort que nous n‚Äôentendons plus les messages subtils de notre corps et de notre intuition.
L‚Äôintention de l‚Äôatelier : se reconnecter √† son intuition pour prendre une d√©cision, faire un choix ou recevoir un √©clairage g√©n√©ral pour mieux s'orienter dans sa vie.
",Toute personne ayant envie de s'extirper du mental tout puissant et de se reconnecter √†  son intuition,"Ouverture √† une fa√ßon de vivre plus naturelle, intuitive, plut√¥t que mentale","6 √† 8 personnes envisag√©es
Bla bla room ou √©quivalent, ambiance canap√©s/ coussins plut√¥t que chaises et tables
","De quoi s'asseoir pour 8 personnes (canap√©s, coussins)",,"Tous les jours possibles, entre 10h et 22h. Pr√©f√©rence pour un cr√©neau en fin de journ√©e, √† partir de 18h
Possibilit√© de faire 2 cr√©neaux sur 2 journ√©es diff√©rentes"
,3. Programm√©,L‚ÄôHypnose & le chant fluidifient-ils la collaboration?,"Faire ressentir en un temps court √† travers la co-improvisation, l‚Äôhypnose et la pleine conscience, ce qui peut aider √† fluidifier la collaboration.",Est-ce que l'on s'accorde mieux apr√®s un moment d'hypnose? Nous exp√©rimenterons cela en 30 minutes de chant et d'hypnose et nous √©changerons ensuite pendant 15 minutes,"Performance artistique, Atelier",24/01/2025,16:30,0:01:00,"Chez C√©dric (BlueChoice), au 3√®me",Salon BlueChoice,20,St√©phane Gabbay et Lena Jaros,"St√©phane Gabbay met la musique et l'intelligence collective au service des transitions (www.facilitationmusicale.com)

Lena Jaros est experte en hypnose et changement collectif, offrant une approche unique qui m√®le √©merveillement, engagement et sagesse, pour r√©v√©ler les talents individuels et collectifs. ""Boostez vos comp√©tences et celles de vos √©quipes avec l'hypnose collective!""
","L‚Äôart qui relie, l‚Äô√©coute, le care",https://lh3.googleusercontent.com/pw/AP1GczNw-xT0l8ELYyFK72yDH7AFH4RKMUNLVuY146E0ZFVO4Kiqt-vQ9tbJ8euCPk1o6rL9_jfG4Q0bnShnpxwDISrkpjWaWfs0-GFZVYqlaJdqLeAhIQXvgb8PCBLg8aIwBXKAeiH5gklM6Te6WnaDxs0C=w375-h200-s-no-gm?authuser=0,,https://www.linkedin.com/in/sgabbay/,https://www.instagram.com/stephane.gabbay/,https://diaries.offinity.io/users/602eb954eadd10001244ffe4,"Faire ressentir en un temps court √† travers la co-improvisation, l‚Äôhypnose et la pleine conscience ce qui peut aider √† fluidifier la collaboration.",Tous les curieux,De la joie et peut-√™tre des petites graines de conscience,"Plutot une grande salle isol√©e (Appart de Cedric?)
De 5 √† 30 participants","Espace pour etre de 5 a 30 en cercle
Des coussins",,"Cr√©neau horaire souhait√© : 17h
45 minutes (30 min de pratique & 15 min d‚Äô√©changes)  "
,3. Programm√©,Atelier Synergisons : Cr√©ation Musicale en groupe,Osez vous exprimer en sons !,"Musicien ou non, je vous propose de vous accompagner dans l'expression de vos √©motions, et la circulation des √©nergies dans le groupe, √† travers les sons de divers instruments que j'apporte. Votre instrument pr√©f√©r√© est bien s√ªr le bienvenu !","Atelier, Performance artistique",24/01/2025,17:30,0:01:30,"Chez C√©dric (BlueChoice), au 3√®me",Salon BlueChoice,10,Sandra Romero-Perp√®re,"Ing√©nieure avec une forte exp√©rience de manageure intrapreneuse dans des grands groupes, je propose d‚Äôaller chercher des ressources sensorielles pour surmonter les difficult√©s, de se lib√©rer du Mental, cette partie surentra√Æn√©e dans notre culture occidentale, pour donner corps √† des r√©ponses alternatives, et de se connecter aux autres sur un plan diff√©rent et cr√©er des solutions nouvelles. ","Se lib√©rer du mental pour cr√©er des possibilit√©s souhaitables. Se connecter aux autres sur d'autres plans, pour que le groupe ait un impact plus puissant.",https://lh3.googleusercontent.com/pw/AP1GczOJ8n50BexptsqcgSJEnb5DE8MwoF4n6TVdCZMRz_3oClQ6yQs5fbq0uNxf-lIuolVeR38WQI0RG1fkQiDMconWLNrcTT08zSfcrpMT8IWRDihtX2mxL5RcWIsx5HzdGkSgqpUazjMwm342l-gYG2mb=w956-h568-s-no-gm?authuser=0,https://lh3.googleusercontent.com/pw/AP1GczMsuMb8jUb5HpomZdq3GKOVT8LDbGxSa5srBkhvbPEV7Ihmsr7m_xoNBZx8JI2R-RZRemv0o4br0SEMoMlbTPCAK2hES6S9RS_N5iCHT_cLjX7nVbw1S-U0oOsRUy8PZGUgpI6glAFH3DJ6B3lQCWTe=w650-h650-s-no-gm?authuser=0,https://www.linkedin.com/in/sandra-romero-perpere/,,,,toute personne ayant envie d'oser s'exprimer sur le plan des sons pour se lib√©rer du Mental,"Cette exp√©rience de cr√©ation musicale en groupe permet √† une √©quipe de se relier, de mieux s‚Äô√©couter et communiquer ; l‚Äô√©nergie circule puissamment entre les participants, des prises de conscience individuelles ou collectives √©mergent.",,,,Heure souhait√©e : 17h30 - 19h
,3. Programm√©,Ap√©ro dinatoire,Amenez de quoi manger pour un buffet participatif !,"Il y a des commerces dans le quartier si vous voulez acheter des choses sur place (attention nos frigo's ont des capacit√©s tr√®s limit√©es, donc difficile de stocker des choses en journ√©e).",Autre,24/01/2025,18:30,0:01:30,Le 47,"Petite salle de travail, Salle o'calme, Grand salon (47)",40,Alexandra Gautrand Ha Duong,,,,,,,,,,,,,,
,3. Programm√©,Voyage vocal... plus loin que la nuit et le jour,"Embarquez pour un moment mi-concert, mi-atelier de chant collectif.","Chanter ensemble, √ßa fait du bien, √ßa donne du courage et c‚Äôest (quasi) z√©ro carbone. Pas besoin de micro, de wifi, d‚Äôautotune ou d‚Äôinstruments √©lectroniques. On va faire de la musique juste avec nos voix ensemble. Ramenez vos oreilles et vos cordes vocales, je ram√®ne des chants polyphoniques de M√©diterran√©e et des Balkans. Ouvert √† tous.tes !","Atelier, Performance artistique",24/01/2025,20:00,0:01:00,Le 47,"Petite salle de travail, Salle o'calme, Grand salon (47)",47,Caroline Sally,"Caro Sally est chanteuse, prof de chant et passeuse de chants, en balade permanente entre lyrique, jazz, vari√©t√© et chants polyphoniques populaires. ","Joie, connexion, √©cologie et f√©minisme !",,,https://www.linkedin.com/in/caroline-sally/,https://www.instagram.com/_caropera/,,"Proposer √† chacun.e de se reconnecter √† sa voix, de r√©aliser qu'on n'a pas besoin d'√™tre chanteur officiel pour chanter en collectif, de sentir la puissance et la joie du groupe qui chante ensemble. Partager des chants populaires intemporels, issues de cultures r√©gionales peu mondialis√©es, pour voyager aussi par la musique.",Tous ceux pr√©sents !,,,nada,,
,3. Programm√©,C'est quoi tes causes ? Prends le micro. #SpectacleParticipatif,"Un spectacle participatif pour vous donner le micro, √† vous, membres du public.
Et pour que vous nous racontiez vos causes, en histoires.",,Performance artistique,24/01/2025,21:00,0:01:30,Le 47,"Petite salle de travail, Salle o'calme, Grand salon (47)",47,Thomas Pittau et Aur√©lien Lambert,,,,,,,,,,,,,,
,3. Programm√©,"Jeu ""En-qu√™te de soi""","Venez enqu√™ter sur votre personnalit√© √† travers notre jeu ""En-qu√™te de soi""!","Venez enqu√™ter sur votre personnalit√© et r√©v√©ler les peurs cach√©es √† l'int√©rieur!

Oserez-vous r√©pondre aux questions des personnages mythologiques rencontr√©s tout au long de l'Odyss√©e que nous vous proposons?

L'Enn√©agramme sera la boussole de notre voyage, nous guidant sur le chemin allant de nos comportements visibles √† nos peurs invisibles ...

L'aventure vous attend! 
",Atelier,25/01/2025,9:00,0:03:00,"Chez C√©dric (BlueChoice), au 3√®me",Salon BlueChoice,8,Corinne Risse et Damien Syren,"Corinne Risse est accompagnante et cr√©atrice - facilitatrice d'ateliers, sp√©cialis√©e sur les strat√©gies mentales et sur l'intuition.

Damien Syren est Head of Customer Success chez Medoucine et fondateur de @plus.de.serenite, service d'accompagnement autour de la sant√© mentale et du burn-out.","L'√©cologie int√©rieure, la singularit√© de chacun, l'humanisme",https://lh3.googleusercontent.com/pw/AP1GczNjko2VfPm9eTIGzxuxr7DNbF433TZ5lnxvML2wtL8b8-uJi20XpY4p_AfvffiTCuWAo-Ss_AX-X3OuNwdNV7-kTK9Jv42ufoXrkIn8gRDGI4x0UOep19LULI5x9vx31MK6zGIUPX_5W_ecqtW2LfMU=w867-h650-s-no-gm?authuser=0,https://photos.app.goo.gl/ZvJQD8VKxNYVaUSu6,"https://www.linkedin.com/in/corinne-risse-12b731125/


https://www.linkedin.com/in/damien-syren/","https://www.instagram.com/humainenherbe/

https://www.instagram.com/plus.de.serenite/",https://diaries.offinity.io/users/67613b45fb2dd80058ef5f43,"Nos peurs cr√©ent une strat√©gie mentale qui entra√Æne une d√©connexion de soi, des autres, du monde. La voir, c‚Äôest rendre le l√¢cher-prise possible.
L‚Äôatelier est con√ßu avec l'intention de permettre aux participants de poser de la conscience sur le lien existant entre personnalit√© et peurs / fausses croyances, en utilisant le mod√®le de l'Enn√©agramme.","Toute personne ayant envie de se lib√©rer de ses peurs et fausses croyances, de vivre avec plus d‚Äôauthenticit√© et de libert√©",Poser de la conscience sur nos strat√©gies mentales fond√©es sur des peurs. Voir en quoi elles nous coupent des autres et de nous-m√™mes ,"4 √† 8 personnes
Petit salon, salle O'calm ou √©quivalent","Deux tables, 10 chaises (le jeu se joue en tables de 3-4 + 1 animateur) ",,"Vendredi ou samedi, entre 9h30 et 22h.
Possibilit√© de faire 2 cr√©neaux sur 2 journ√©es diff√©rentes"
,3. Programm√©,Le 47 voyage en 2030 Glorieuses,"Edition sp√©ciale ""le 47""","Venez participer √† un voyage en ""2030 Glorieuses"" : partons ensemble en utopie gr√¢ce √† notre machine √† voyager dans le temps et allons voir ce que le 47 sera devenu dans un monde durable, juste, solidaire, √©quitable, joyeux en harmonie avec le vivant. ","Sp√©cial tribu 47, Atelier",25/01/2025,9:30,0:02:00,Le 47,"Grand salon (47), Petite salle de travail",15,Hortense Noiret,Hortense noiret est experte en qualit√© de vie au travail et guide 2030 glorieuses,le travailler et vivre ensemble dans un climat d'optimisme et de respect de chacun,https://lh3.googleusercontent.com/pw/AP1GczNv5rBfUfXKJb0q6vrYOCcl2auCSUAr75AQsJslmabbwzJjGBpqnWviZtVHBfBcYHPy1LMdGs-6NnXhXOEOfCdnCw1cFXcHpa7-qxHw10d0tb-cLIg7jGjzlI3deSXjlVRNYPUH_AeFhcDt6hNZxCja=w867-h650-s-no-gm?authuser=0,https://lh3.googleusercontent.com/pw/AP1GczPwuC7Co1-tZDnVvLc8zP4lLjWV63hLKUUvt3Bxeeh3aDP63zf7EpNcz_LndveE3zLHwQfD0_hWtCF_eOEB3JFS-sPRatujt0LjmOD3osP9VDiDYmjbhr1325gIzsNn2N5ccYhaF2n2fPjYLLRc4fYE=w573-h650-s-no-gm?authuser=0,Linkedin,,,"meler les univers de l'atelier des 2030 glorieuses et du 47..qu'est ce que sera le 47 dans l'epoque 2030, sa place, son influence, sa r√©alit√©",Toute personne ayant envie de se projeter dans un monde plus juste plus durable et plus solidaire,Montrer qu'une utopie peut devenir une realit√©,l'atelier peut accueillir de 4 √† 15 personnes. La grande salle sera tr√®s bien ,une table pour 4/6 participants et une chaise par participant,,
,3. Programm√©,Initiation √† la facilitation graphique,"D√©couvrir ou red√©couvrir le pouvoir des images, du trait, des symboles, des mots, comprendre et prendre confiance dans sa capacit√© √† utiliser le dessin pour transmettre des informations ou apprendre","Pour qui ? Toutes personnes de 7 √† 77 ans qui souhaitent utiliser la pens√©e visuelle pour mieux apprendre, mieux communiquer, se relier √† soi et aux autres dans la joie et le partage. 
Un outil qui se d√©veloppe gr√¢ce √† la confiance en soi et qui la renforce. ",Atelier,25/01/2025,9:30,0:02:00,Chez Duc et Alexandra,Salon familial (Ha Duong / Gautrand),9,Isabelle Forestier,"Coach, facilitatrice, formatrice et artiste peintre pour cr√©√©er ensemble un monde meilleur","la sauvegarde du vivant, la mise en valeur des √™tres par le coaching et l'art visuel",https://lh3.googleusercontent.com/pw/AP1GczMpll2bZoot3SDHhU6QGAzMPrQpchd7Q6_STJ7vqUvf0rf_eueShWqEV-2vmZs6Ddg8FT9aRMgBvuGsZuwdp7LAlTSkgM0UfO5GfVvqW201uA_u863HrEeECaQ4PaW3hELbDS8eCths_SyUIJKtfMAv=w622-h650-s-no-gm?authuser=0,https://lh3.googleusercontent.com/pw/AP1GczO8CwqSdBdoumHbfkgpaT6L-fe8CIEvuv8fAIlxNy7j0j3G7cGWzVs5-x6wDcxp4Y5e6WIgXW4eVCLMeIQVMDTBhPyGlGkp-YwhYk7gtG9KrmHgNKowLT-OQgEVDEE1dcUsrfucFl9pkAGYl7V0d8cz=w627-h595-s-no-gm?authuser=0,https://www.linkedin.com/in/isabelle-forestier-%F0%9F%92%AB%F0%9F%8E%A8%F0%9F%8C%8D-00b2a6161/,,https://diaries.offinity.io/users/6530e9ba71cc18005887173d,,,,,,,
,3. Programm√©,"Chaos Fertile : R√™ve, Cr√©ation, Action","Un atelier pour booster, d√©velopper, cr√©er un projet en Intelligence Collective","Un jeu coop√©ratif innovant o√π le chaos devient source de cr√©ativit√©. En √©quipe, relevez des d√©fis impr√©vus, explorez des opportunit√©s et transformez les obstacles en solutions fertiles. M√™lez strat√©gie, improvisation et collaboration pour trouver le chemin de la r√©ussite de vos projets. üå±","Atelier, Autre",25/01/2025,9:30,0:02:00,Le 47,BlaBlaRoom,6,Charles Fontaine,,"L‚Äôintelligence collective, la ludop√©dagogie",,https://media.licdn.com/dms/image/v2/C4D03AQEfGHCKMRMPrA/profile-displayphoto-shrink_800_800/profile-displayphoto-shrink_800_800/0/1605549293209?e=1742428800&v=beta&t=U0sZmYYzV7NEfMRT279fetDW8lJ0m41I4sVAUsZQdCU,,,,Proposer un atelier Chaos Fertile pour un projet commun au sein du 47 ou en co-d√©veloppement pour un projet port√© par un ou plusieurs participants.,"Entrepreneurs, acteurs engag√©s, porteurs de projet","Du concret pour avancer sur un projet, une m√©thodologie, du fun",Pour 4-6 personnes : petit salon ?,Autant de chaises + table centrale,,"Si possible matin, sinon ok aprem du samedi (en formation les jours avant √ßa)"
,3. Programm√©,Comment on d√©cide ?,Entretien avec la d√©cidologue Attaa Ben Elafdil,"Au moyen d'une discussion de salon sur la prise de d√©cision (individuelle et collective - professionelle et personelle), Attaa va d√©couvrir les pratiques de gouvernance de la tribu Officience, inspir√©e des principes opales de Fr√©d√©ric Laloux.",Conf√©rence (ou presque),25/01/2025,13:30,0:01:30,Chez Duc et Alexandra,Salon familial (Ha Duong / Gautrand),12,Attaa Ben Elafdil,"Attaa Ben Elafdil est une professionnelle sp√©cialis√©e dans l'intelligence collective et l'innovation sociale, actuellement pr√©sidente et cofondatrice de Mouvement T.
Son expertise s'√©tend √† la facilitation de l'intelligence collective, √† l'animation de communaut√©s, et √† la mise en place de dispositifs participatifs et citoyens.",,,,https://www.linkedin.com/in/attaa-ben-elafdil-9374013a/,https://www.instagram.com/mouvmnt_t/,,,,,,,,
,3. Programm√©,"Fresque participative : ""r√©alisons nos r√™ves pour un monde meilleur""",Venez √©crire vos r√™ves !,"Venez √©crire vos r√™ves sur un morceau de la toile monumentale de 24m par 50 m√®tres!
Une petite conf√©rence, un temps de centrage, et c'est parti!","Performance artistique, Atelier",25/01/2025,14:00,0:01:30,Le 47,"Grand salon (47), Petite salle de travail",20,Isabelle Forestier,"Coach, facilitatrice, formatrice et artiste peintre pour cr√©√©er ensemble un monde meilleur",la protection du vivant sous toutes ses formes,https://lh3.googleusercontent.com/pw/AP1GczMHKJUOv79UmMfPk2Zf8LvhU0hFBkcVzgK9_P0L8KOh7kESS0nxUfIgEkTo9jeSGCPR6jsVZQ_RzbAYZ3SErLDu8hQsfRq1Wd3fzs7ilLgYdlmI75a5Y-1hBtn52iy_Z5UiuIRj7qOcOXNls7fOtmSn=w867-h650-s-no-gm?authuser=0,https://lh3.googleusercontent.com/pw/AP1GczO8CwqSdBdoumHbfkgpaT6L-fe8CIEvuv8fAIlxNy7j0j3G7cGWzVs5-x6wDcxp4Y5e6WIgXW4eVCLMeIQVMDTBhPyGlGkp-YwhYk7gtG9KrmHgNKowLT-OQgEVDEE1dcUsrfucFl9pkAGYl7V0d8cz=w627-h595-s-no-gm?authuser=0,https://www.linkedin.com/in/isabelle-forestier-%F0%9F%92%AB%F0%9F%8E%A8%F0%9F%8C%8D-00b2a6161/,,https://diaries.offinity.io/users/6530e9ba71cc18005887173d,"Pousser chacun.une √† r√©aliser ses r√™ves pour un monde meilleur, proposer un temps artistique et d√©cal√© ",,,,,,Je peux le faire un soir de la semine aux horaires qui arrengent
,3. Programm√©,"Ecouter sa Nature, surmonter ses peurs : OSEZ !",Oser √©couter son instinct pour se sentir vivant et heureux,"Dans cette conf√©rence, nous allons explorer les diff√©rentes fa√ßons dont nous pouvons prendre du recul face √† une situation et ainsi √©viter de prendre des d√©cisions h√¢tives.
Je vous donnerai des outils pratiques pour am√©liorer votre capacit√© √† observer les faits, √† suspendre votre jugement, ce qui √† pour cons√©quence de remettre en question vos croyances qui bien souvent limitent.",Conf√©rence (ou presque),25/01/2025,13:30,0:02:00,"Chez C√©dric (BlueChoice), au 3√®me",Salon BlueChoice,10,Etienne Gauthier,"""Compositeur de musique, cr√©ateur de spectacle, conf√©rencier. Mes camarades compositeurs me d√©finissent comme un chercheur intuitif, un homme √©lectronique, un explorateur de sons. J‚Äôaime associer les sons aux histoires. Que ce soit un sc√©nario, une chanson, une collab, un workshop. J‚Äô√©coute les mots et je trouve les symboles originels qui transparaissent.
Toute histoire est une cr√©ation, toute cr√©ation a une histoire""",OSER √©couter son instinct,https://lh3.googleusercontent.com/pw/AP1GczNDMMvPS_ASMvOps0sJUVr4Fb3QI26akO5N66r2yzCCW4QaJQ8L-4Q9pkzW3aLtvq7L27itnj_RVXsCPAvP9eh2cErbEUZX3Q9XigdNkcXql6LLWo8LCgL36O2KvNmX289kYcVcYclVbfUEBwo2NorI=w605-h341-s-no-gm?authuser=0,https://lh3.googleusercontent.com/pw/AP1GczPvkMUShjksTDi_hOIoXpdB3GYMei_j-BgOayA1MmEYu4QPwhalOIFctaOS0qSsy-wBw_NYzIcdD6tNnx7nVkcbr--9mCI49dQeurLc2prSd-TeekSMIHE56dlgIpS-UMsoYSmL-ZFAo9JQt3NP-6yc=w605-h544-s-no-gm?authuser=0,https://www.linkedin.com/in/etienne-gauthier-%F0%9F%8C%8E%F0%9F%8E%A7%F0%9F%A5%81-a052695a/,https://www.instagram.com/etiennegauthier_ad_composer/,,,"tout public, entrepreneur, √©tudiant, responsable RSE, acteur du changement","Apport d'outils pour facilite l'avancement de projet, pro, vie etc ... pour OSEZ ! et se sentir plus vivant et heureux",De 6 √† plus l'infini !,Chaises paperbaord,,"je souhaite le faire en apres midi, ou fin de matin√©e"
,3. Programm√©,R√©ussir sa vie ?," Itin√©raire d'un ""homme des bois""","J'ai 22 ans, mon p√®re, artiste reconnu (Ch√©reau, Muggler...) se suicide. La m√™me ann√©e (1999) le naufrage de l'Erika et la temp√™te de d√©cembre me convainquent de m'engager √† 100% pour l'√©cologie. J'arr√™te la musique et part vivre en for√™t et en montagne. Bilan + 25ans d'un parcours militant, engag√©, 100% terrain, sans concession. Papa de 5 enfants, je vis en couple et en collectif. Fondateur d'Etika Mondo et des CEMs, je vous raconte mon histoire.",Conf√©rence (ou presque),25/01/2025,16:30,0:01:30,Chez Duc et Alexandra,Salon familial (Ha Duong / Gautrand),10,Boris Aubligine (Aubel),"Ancien petit parisien, Boris vit dans les C√©vennes avec sa famille (5 enfants) dans l'√©colieu d'Etika Mondo. Riche d'un parcours atypique o√π le sens et la Nature passent avant l'argent et la carri√®re, o√π berger, entrepreneur, militant se m√©langent, il coache et accueille des personnes qui souhaitent changer de vie et les initie √† l'√©cologie humaine. ","Le sens de sa vie, les effets qu'on g√©n√®re, la Nature, l'√©cologie, la sant√©, les enfants. ",https://lh3.googleusercontent.com/pw/AP1GczPCz4ALzPl7MgPBqfMucWI-fqAZfJ75pEa51ZH19hwKJ2B7sYEHz5c4ETiqyX2ZDlzqoieY12oWLBufLAp2KSyP7OOLL-E-_o3OYr7cam4mAX6iDgRADXRazQ6N_jYNFxj8GkO15D1J3_ZE4qP3IRYk=w605-h598-s-no-gm?authuser=0,https://lh3.googleusercontent.com/pw/AP1GczOCDX5uNNnQiIUnxHAWNPLlRK-jHwm8XtmPJKOQsLZi-0RZAHMrBVdVu_Ww9qh7EIPomVQcTRc993XC4AxcoI6bp7Ve1I8Ziy1a4Hp74Pl2m4xpIAUx5MFeXiKvdbYb4jq2sT1eY7iV8YVdcfqaFpKU=w605-h605-s-no-gm?authuser=0,,,,"Offrir une mise en perspective, un choix, pour : 1) ouvrir les questionnements : pourquoi je vis ? qu'est-ce que je veux faire de ma vie ? qu'est-ce que je laisserai ? 2) montrer que c'est possible 3) initier √† l'√©cologie humaine et la m√©thode des 5 cercles ","Toute personne qui se questionne sur le sens de sa vie. Toute personne qui souhaite mener des actions pour des causes, notamment l'√©cologie (mais pas que !)","Ne pas vivre √† c√¥t√© de ses pompes, participer √† embellir le monde. ",Difficile √† estimer que cette proposition suscitera puisque je sors des bois...,"De quoi √™tre bien. Pas de papier, ni d'√©cran, juste de quoi se poser, √©couter et √©changer. ",,
,1. Intention partag√©e,Stand Up Po√©sie,Impro sur le th√®me du loup,"Quitter le rationnel pour connecter au flux sanguin et √† l'√©nergie vivant de notre plan√®te. Une s√©quence pleine d'√©motion et de connection, pour tous les publics.",Performance artistique,24/01/2025,21:00,,,,,Boris Aubligine (Aubel),,Le sauvage,,,,,,Quitter le rationnel pour connecter au flux sanguin et √† l'√©nergie vivant de notre plan√®te,Qui veut,"Une √©motion, une semence",Je ne sais pas,Rien,,
,3. Programm√©,Experience: Chant Pour tous,"Moment de co-improvisation vocale et rythmique collective & circle songs (aucun niveau requis, juste de la curiosit√©)","Venez exp√©rimenter un moment de chant, vocal et corporel, enti√®rement improvis√©, gratuit et ouvert a toutes et tous, chanteur.ses ou pas.  Nous vous proposerons des jeux rythmiques et vocaux, des circle songs, des co-improvisations que nous animerons auxquels vous pourrez participer avec le niveau d‚Äôimplication qui vous parait juste.
Venez d√©couvrir cette pratique et le r√©seau chantpourtous.com!","Atelier, Performance artistique",25/01/2025,16:30,0:01:30,Le 47,"Petite salle de travail, Grand salon (47)",25,St√©phane Gabbay,St√©phane Gabbay met la musique et l'intelligence collective au service des transitions (www.facilitationmusicale.com),"L‚Äôart qui relie, l‚Äô√©coute, le care, la collaboration, l‚Äôamour",https://lh3.googleusercontent.com/pw/AP1GczO65-EVzMFRCzM50S3M69FdNSPmFVyJAcY-fEIPqa2hfNPOtvb5-XhLdvYN3jNpAqslW2qBRWNagP_ExTiUJ1zR6m9whIweoKWy564fXZPJzlKgtHzAoallCvSVYFe10z2EqmIz_3f1s5POWmp0vtjj=w375-h200-s-no-gm?authuser=0,https://drive.google.com/file/d/18kersFoVd70kg7DA-9Qn8x5yFvd1deYC/view?usp=sharing,https://www.linkedin.com/in/sgabbay/,https://www.instagram.com/stephane.gabbay/,,,Tous les curieux,"De la joie, de l'amour et de la connexion","Plutot une grande salle isol√©e (Appart de Cedric?)
De 10 √† 25","Espace pour etre de 10 a 25 en cercle",,"1h30 √† 2h
Cr√©neaux envisag√©s (lister les jours et heures possibles):        
19h-20h30 le 24 janvier (pour demarrer la soiree)
Entre 15h-18h le samedi 25"
,3. Programm√©,Ap√©ro dinatoire,,"Amenez de quoi manger pour un buffet participatif ! Il y a des commerces dans le quartier si vous voulez acheter des choses sur place (attention nos frigo's ont des capacit√©s tr√®s limit√©es, donc difficile de stocker des choses en journ√©e).",Autre,25/01/2025,18:30,0:01:30,Le 47,"Petite salle de travail, Salle o'calme, Grand salon (47)",40,,,,,https://drive.google.com/file/d/18kersFoVd70kg7DA-9Qn8x5yFvd1deYC/view?usp=sharing,,,,,,,,,,
,3. Programm√©,Slam engag√©,"Des textes improvis√©s qui t'embarquent dans tes r√™ves, tes d√©sirs, tes doutes, tes peines et tes joies sur ce chemin de la cr√©ation du monde de demain.",Improvisation en live et lecture de texte en musique et silence dans la profondeur et la joie !,Performance artistique,25/01/2025,20:00,0:01:00,Le 47,"Grand salon (47), Petite salle de travail, Salle o'calme",30,Anne L√©ger,"Anne est une entrepreneuse, artiste et coach engag√©e. Elle accompagne les transformations int√©rieures √† travers la conscience de soi, la connexion au corps, la cr√©ativit√©, la coop√©ration et le passage √† l‚Äôaction pour que chaque personne puisse s'engager dans la construction d'un monde plus respectueux de soi, des autres et du vivant.","Ecoute profonde, expression lib√©r√©e, vivre-ensemble, transformation",https://lh3.googleusercontent.com/pw/AP1GczOsbOQjGW5fbZ7Pnw2EAta9Nt6EkLl1BYYSdQyzj5S5kq2l0jd4Vo079HcFlWCSkKhlLbCldvIjLRSz0poZlNqGrje3eKWaPsHSyvO-D01zDoG5kopzmhwTeQ25DoiY7X-C7euu6o6mbjN3WXO8W_Kp=w1242-h650-s-no-gm?authuser=0,https://lh3.googleusercontent.com/pw/AP1GczOm9f_WSaIPmLft0LQ6_KtWsKkBKOQLkeEF0OEUC-k8QnJgXk916y0OqJ3whq62mMbpxt4UY6WqtfkJEdhmqw-Jr1NaC8dd7qlQC_A0bV6Zqg6bTAXaDn4ywz0LvkxrZ1lqxr4jjy4F-NA1dAaFWIWh=w474-h650-s-no-gm?authuser=0,https://www.linkedin.com/in/annelegerpoet/,,https://diaries.offinity.io/users/6411ec9b501a400059b5806c,,,,Format concert. J'aurais besoin d'un empli pour connecter mon micro et ordi,,,"vendredi ou samedi soir, 45min ou 2 fois 30min avec entracte"
,3. Programm√©,Soul Shock live,"Concert de Soul Shock et sensibilisation autour du projet ""Basique"" pour une restauration des jeunes saine et accessible. ","Plongez dans un voyage musical unique m√™lant Soul, Funk, Hip-hop et Jazz. Avec B√©chir Jiwee et son band, red√©couvrez les classiques du rap revisit√©s dans leur essence originelle, √† travers les sonorit√©s Soul et Funk qui ont marqu√© l‚Äôhistoire de la musique urbaine. Ce concert propose une exploration captivante des racines de la musique actuelle, en rendant hommage aux √©poques et aux genres qui ont influenc√© le hip-hop d‚Äôaujourd‚Äôhui.

Ce sera √©galement l‚Äôoccasion de d√©couvrir Basique, un projet solidaire parrain√© par Orelsan. Imagin√© comme un restaurant proposant des repas √† 5 euros, Basique vise √† r√©pondre √† un besoin urgent : permettre aux jeunes en difficult√© financi√®re de s‚Äôalimenter sainement et √† moindre co√ªt. Entre musique et engagement social, cette soir√©e promet d‚Äô√™tre un v√©ritable moment de partage et de r√©flexion.",Performance artistique,25/01/2025,20:30,0:02:00,Le 47,"Grand salon (47), Petite salle de travail, Salle o'calme",25,B√©chir Jiwee et sa tribu,"B√©chir Jiwee est un artiste multidisciplinaire fran√ßais. Graphiste, r√©alisateur et motion designer depuis 1998, il a d√©but√© dans le design de logos en 1996. Il cr√©e des effets visuels pour la t√©l√©vision, les clips vid√©o et des g√©n√©riques de cin√©ma. Jiwee a notamment r√©alis√© le clip ""Supersonics"" pour Caravan Palace en 2020. Un conteur d'histoires visuelles, m√™lant techniques mixtes pour cr√©er des univers graphiques intemporels et futuristes.",#solidarit√© #musique,,,https://www.linkedin.com/in/bjouini/,,,,,,,,,Concert
,3. Programm√©,C√©r√©monie de cloture,Se r√©unir pour c√©l√©brer ensemble tout ce qu'on aura partag√© pendant 5 jours !,"Prendre un temps pour se reconnecter au groupe, remercier et int√©grer tout ce qu'on a v√©cu pendant 5 jours dans la profondeur et la joie ! ",Autre,25/01/2025,20:00,0:04:00,Le 47,"Grand salon (47), Petite salle de travail, Salle o'calme",47,Anne L√©ger,,,,,,,https://diaries.offinity.io/users/6411ec9b501a400059b5806c,,,,,,Co-animation?,D√©marrage √† 18h : fin √† 23h59
,3. Programm√©,Challenging our core beliefs (EN),"S√©ance de coaching collectif

A Metamorphosis collective coaching session on identifying and challenging our core beliefs.","Our core beliefs can act as a catalyst or a barrier to action that can help us achieve our vision and desires. We may know what we want and what we need to do, but negative core beliefs can prevent us from taking action- while positive core beliefs can help us take risks and seize opportunities. In this coaching session, we will share essential ressources, experiment with somatic practices, and guide you through interactive activities so you can better identify your limiting core beliefs.

In this coaching session, we are going to:

‚úî Explore the power of core beliefs‚Äîabout yourself and the world.

‚úî Learn to identify and understand negative core beliefs and their origins.

‚úî Discover positive core beliefs that inspire action and courage.

‚úî Experiment with somatic practices and interactive activities to challenge and renew limiting beliefs.

Come as you are, with a spark of curiosity and oppenness. This session values non-judgment, empathy and active listening within a group.",Atelier,25/01/2025,16:30,0:02:00,Le 47,BlaBlaRoom,9,Mytam Mayo-Smith et Danai Leventakou (Metamorphosis coaching),"Danai and Mytam are two Learning specialists who have come together to offer a collective coaching program for personal development. Both Danai and Mytam have a masters degree in Learning Sciences from the Learning Planet Institute, in partnership with Universit√© Paris-Cit√©. Danai Leventakou comes from an engineering background, with years of experience in facilitating personal development workshops in the contexts of university and multinational corporate environments. Mytam Mayo-Smith comes from an international non-profit and social work background, and has facilitated multiple workshops on cultural topics using somatic therapies and collective dialogue for wellbeing.

Together, they have created Metamorphosis, a collective coaching program destined to individuals, universities, and businesses that seek to foster personal growth, authenticity and meaningful paths.

""Challenging our Core Beliefs"" is the third coaching session in this 7-sessions program.","authenticity, personal growth",https://img.evbuc.com/https%3A%2F%2Fcdn.evbuc.com%2Fimages%2F909344453%2F338672142419%2F1%2Foriginal.20241201-163336?crop=focalpoint&fit=crop&w=940&auto=format%2Ccompress&q=75&sharp=10&fp-x=0.000170454545455&fp-y=0.005343866171&s=cd255fd65571824428333f94bd9fa5fc,https://lh3.googleusercontent.com/pw/AP1GczPb6BZmQOZRhwrTDCLZTssXuQYYyURGjSwMytXNMrVispI9vWv1k7SuuDklAio4k8_rM9F9JuvGaWe74r9TecrET27ELMeGkGa3qm4ceN25E2bamwjzBvlwJ_6hzZBCO4ACx-Nxb4OFH-ud0tkBr6j2=w650-h650-s-no-gm?authuser=0,"https://www.linkedin.com/in/mytam2022/

https://www.linkedin.com/in/danai-leventakou/",,mytam.mayo-smith@learningplanetinstitute.org,"Finding an authentic path can be a journey of confusion and doubt. We created the Metamorphosis program to support people in their reflection process and create community in times of transition and questioning. Sometimes we know we don't want to follow a certain societal script, an already paved path. But what is it that we want to go for, that makes us feel alive? And can we find the courage to believe in ourselves and what we truly desire? This program is here to dig a little deeper into who we are - together.",People who are transitioning or who are seeking to make a life change,"Authenticity, personal growth, connection","Ideally we would need a screen, space for 10-15 people depending on who comes. It can also be a smaller workshop","Screen, some tables ",,
,6. Annul√©,School For Good,"Partir √† la d√©couverte de la classe invers√©e, voire renvers√©e, avec un f√©ru d'innovation p√©dagogique qui veut d√©sormais mettre ces innovations au c≈ìur du projet √©ducatif d√©coiffant qu'il nous pr√©sentera.


","Apr√®s une premi√®re partie de session Questions / R√©ponses, 2 √©l√®ves qui exp√©rimentent sur le terrain ces nouvelles pratiques t√©moigneront en synchrone. Puis nous terminerons par un atelier inspir√© du Co Developpement autour des challenges que rencontre Jean Philippe dans son projet.   ",Conf√©rence (ou presque),24/01/2025,9:30,0:02:00,Chez Duc et Alexandra,Salon familial (Ha Duong / Gautrand),10,Jean Fran√ßois Morand,"Enseignant en Sciences de la Vie et de la Terre en lyc√©e depuis 1998, Jean-Philippe Morand a toujours appr√©ci√© l‚Äôinnovation p√©dagogique. Il pratique depuis plus de 15 ans la classe invers√©e voire renvers√©e. il a, en collaboration avec un coll√®gue d‚ÄôEPS, cr√©√© une classe innovation p√©dagogique au sein de laquelle les p√©dagogies collaboratives, l‚Äôentraide et la bienveillance sont au c≈ìur du projet √©ducatif.
Il est √©galement, depuis 8 ans, responsable p√©dagogique des secondes g√©n√©rales et technologiques au sein de son lyc√©e.","Eduquer les futurs adultes √† √™tre citoyens 
Contribuer √† la contruction d'un monde o√π les pratiques de collaboration et d'entraide sont au coeur de l'action

",,,,,,,Tout public,Imaginer concr√©tement ce que pourrait √™tre une √©cole ou le developpement des comp√©tences comportementales est au coeur du dispositf p√©dagogique ,20 personnes,Pas de besoin particulier,,Dates non encore fix√©es
,3. Programm√©,"L'information, des bancs de l'√©cole √† la d√©mocratie","Mieux s'informer, mieux partager l'information, pour mieux d√©cider.  ","Dans cette s√©ance interactive, Val√©rie nous emm√®ne explorer les risques informationnels, √† travers le traitement de l'information √† l'√©preuve des (nouvelles) r√®gles ou outils de d√©sinformation, des politiques publiques revisit√©es √† l'aune de la modernisation de l'administration des finances fran√ßaises, et enfin dans la gestion des risques et la conformit√© des banques et assurances ...",Conf√©rence (ou presque),21/01/2025,15:30,0:02:00,Le 47,BlaBlaRoom,10,Val√©rie Vajou,"A la fois consultante sp√©cialis√©e en r√©glementation bancaire (conformit√©, risques, contr√¥le) et professeur en Pr√©pa Sciences Po / IEP, IEP & ESC, depuis +15 ans.",Aiguiser l'esprit critique  des jeunes (bacheliers et √©tudiants) et contribuer au d√©veloppement d'une citoyennet√© √©clair√©e.,,https://lh3.googleusercontent.com/pw/AP1GczP1XOeryjrHduKgVBTzy_RaNb22AMMbCcjRnwHarwL6bd8RfIdsYlrkAzpraZNrAtIGv5TeJl4PUjhtzdXyrTdSFmutFdpRWLGIy5ugt5w6i5gt655D4wijqwwoqutYEWFvep5Hem9WQzOreB6gzOhs=w651-h650-s-no-gm?authuser=0,https://www.linkedin.com/in/valerievajou/,,https://diaries.offinity.io/users/674d81c765ca04004e96463a,,,,,,,
,3. Programm√©,C√©r√©monie de l'argent,"Inspir√© de Jean Yves Laguasse et Carole Janssens, ce moment servira √† discuter des flux non-financiers et financiers du festival. 
","Quelle serait une juste r√©partition des flux financiers entre les diff√©rentes parties prenantes du festival ? 
Plut√¥t que de discuter de ces choses en silo, on met toutes les parties prenantes autour de la table / Zoom, on en parle puis on fait circuler l'argent l√† o√π cela semble juste pour le syst√®me. Ce moment servira par exemple √† discuter du remboursement des animateur-ice-s qui auront engag√© des frais pour le festival et qui souhaitent √™tre rembours√©s, payer des personnes qui l'auront demand√©, et clarifier quel montant total des recettes du festival ira directement √† la cagnotte globale du 47.",Sp√©cial tribu 47,30/01/2025,14:30,0:02:30,,,,,,,,,,,,,,,,,,
,3. Programm√©,A travers le miroir,Courte exp√©rience photographique √† travers un miroir sans tain.,"Le sujet tient le miroir de ses mains, car il est important pour moi que chacun participe √† l'exp√©rience et que la personne ne subisse pas la photo, mais qu'elle me donne son image. En tenant le miroir elle peut √† tout moment interrompre l'exp√©rience. J'attends sous un drap noir, derri√®re le miroir, que la personne oublie ma pr√©sence, qu‚Äôelle soit captiv√©e par son propre regard. Je ne d√©clenche qu'une seule fois, car d√®s qu'elle a entendu le son de l'appareil photo, la personne se ressaisit, se souvenant que je suis de l'autre c√¥t√©.","Performance artistique, Autre",24/01/2025,13:30,0:04:00,Le 47,Salle o'calme,47,Camille Betinyani Chacur,"Chilo-syrienne n√©e √† Paris, j'ai grandi dans une multiculturalit√© qui a nourri mon infatigable curiosit√©. Depuis l'√¢ge de 8 ans, appareil √† la main, je photographie la beaut√© de ce monde avec pour fil rouge ¬´ tout est art, ou tout devrait l'√™tre ¬ª
","Tout est art, ou tout devrait l'√™tre",https://lh3.googleusercontent.com/pw/AP1GczPGlcBbNmDXv7tBJetxKD4H6H-9aDJLW75WIv8qXf6QSH54A_T9gTPjRGPNb6heuUFD_IgvzejWOUmkQAnNhaImtwUbtOvFsNV5HfJytSl83EvtcjTASo5BKBggE48CV1Yl_sIpx4rNzmj7EZ0MmQu9zg=w1032-h942-s-no?authuser=0,https://lh3.googleusercontent.com/pw/AP1GczOtH0-1xSYUbjViNqFfusgVNtaUyuZDoZRnrA98Eyv3uvXJs7P-NETt6Dl-tZYc4064A_q8Srykd03R8vpuXi-BDP_bMMydgYAA6wKrvDg-oazAdfvWgn0kqDX5DZN1MzBu4bOynVSb6yl2kBQAF9BB7g=w434-h650-s-no-gm?authuser=0,https://www.camillebetinyani.com/accueil,www.instagram.com/camillebetinyani,,R√©concilier chaque personne avec son image.,Tout public,,Au fil de l'eau,Une petite salle au calme: par exemple - RV dans la salle O-Calme et photos dans la salle VISIO (SDB),,
,2. En attente pour validation (ou pas),Open Mic - Pr√©sente ta Cause avec Thomas ! ,Session ouverte dans laquelle chacun chacune peut venir pr√©senter sa cause dans le cadre d'un cours √©change avec le public anim√© par Thomas sur un ton l√©ger,"L'id√©e de base √©tait un ""caf√© culture"" pour pr√©senter les causes avec un angle culturel ou talent. D√©sormais pour faciliter la participation, nous simplifions la pr√©sentation par un √©change avec le public et un animateur pour mettre une ambiance conviviale et d√©cal√©e. ",Conf√©rence (ou presque),,,,,,,Producteur : Aur√©lien Lambert - Pr√©sentateur : Thomas Pittau,,,,,,,,,,,,,,
,,,,,,,,,,,,C√©dric Ringenbach,"C√©dric Ringenbach est un ing√©nieur et conf√©rencier sp√©cialis√© dans le changement climatique. Fondateur de la Fresque du Climat en 2015, premier directeur du Shift Project (2010-2016), il enseigne dans les grandes √©coles et dirige Blue Choice, une soci√©t√© de conseil en strat√©gie climatique.",#Transition #Climat,,https://lh3.googleusercontent.com/pw/AP1GczPGlcBbNmDXv7tBJetxKD4H6H-9aDJLW75WIv8qXf6QSH54A_T9gTPjRGPNb6heuUFD_IgvzejWOUmkQAnNhaImtwUbtOvFsNV5HfJytSl83EvtcjTASo5BKBggE48CV1Yl_sIpx4rNzmj7EZ0MmQu9zg=w1032-h942-s-no?authuser=0,https://www.linkedin.com/in/cedringen/,,,R√©f√©rencer C√©dric qui participe en pr√™tant ses locaux. Trouver une occasion pour lui faire de la pub,,,,,,